Timestamp,Second,Sample#,CFPS,Polygons,Ping
2014.06.03-13.44.11,63537399851208.5,1,-,-,-
2014.06.03-13.44.12,63537399852020.6,2,-,-,-
2014.06.03-13.44.13,63537399853010.6,3,-,-,-
2014.06.03-13.44.14,63537399854012.7,4,-,-,-
2014.06.03-13.44.15,63537399855003.7,5,-,-,-
2014.06.03-13.44.16,63537399856023.8,6,-,-,-
2014.06.03-13.44.17,63537399857013.8,7,-,-,-
2014.06.03-13.44.18,63537399858003.9,8,-,-,-
2014.06.03-13.44.19,63537399859024,9,-,-,-
2014.06.03-13.44.20,63537399860014,10,-,-,-
2014.06.03-13.44.21,63537399861004.1,11,-,-,-
2014.06.03-13.44.22,63537399862024.1,12,-,-,-
2014.06.03-13.44.23,63537399863014.2,13,-,-,-
2014.06.03-13.44.24,63537399864004.2,14,-,-,-
2014.06.03-13.44.25,63537399865024.3,15,-,-,-
2014.06.03-13.44.26,63537399866014.4,16,-,-,-
2014.06.03-13.44.27,63537399867004.4,17,-,-,-
2014.06.03-13.44.28,63537399868024.5,18,-,-,-
2014.06.03-13.44.29,63537399869014.5,19,-,-,-
2014.06.03-13.44.30,63537399870004.6,20,-,-,-
2014.06.03-13.44.31,63537399871024.6,21,-,-,-
2014.06.03-13.44.32,63537399872014.7,22,-,-,-
2014.06.03-13.44.33,63537399873004.8,23,-,-,-
2014.06.03-13.44.34,63537399874024.8,24,-,-,-
2014.06.03-13.44.35,63537399875014.9,25,-,-,-
2014.06.03-13.44.36,63537399876004.9,26,-,-,-
2014.06.03-13.44.37,63537399877025,27,-,-,-
2014.06.03-13.44.38,63537399878015,28,-,-,-
2014.06.03-13.44.39,63537399879005.1,29,-,-,-
2014.06.03-13.44.40,63537399880025.2,30,-,-,-
2014.06.03-13.44.41,63537399881015.2,31,-,-,-
2014.06.03-13.44.42,63537399882005.3,32,-,-,-
2014.06.03-13.44.43,63537399883025.3,33,-,-,-
2014.06.03-13.44.44,63537399884015.4,34,-,-,-
2014.06.03-13.44.45,63537399885005.4,35,-,-,-
2014.06.03-13.44.46,63537399886025.5,36,-,-,-
2014.06.03-13.44.47,63537399887015.6,37,-,-,-
2014.06.03-13.44.48,63537399888005.6,38,-,-,-
2014.06.03-13.44.49,63537399889025.7,39,-,-,-
2014.06.03-13.44.50,63537399890015.7,40,-,-,-
2014.06.03-13.44.51,63537399891005.8,41,-,-,-
2014.06.03-13.44.52,63537399892025.8,42,-,-,-
2014.06.03-13.44.53,63537399893015.9,43,-,-,-
2014.06.03-13.44.54,63537399894006,44,-,-,-
2014.06.03-13.44.55,63537399895026,45,-,-,-
2014.06.03-13.44.56,63537399896016.1,46,-,-,-
2014.06.03-13.44.57,63537399897006.1,47,-,-,-
2014.06.03-13.44.58,63537399898026.2,48,-,-,-
2014.06.03-13.44.59,63537399899016.3,49,-,-,-
2014.06.03-13.45.00,63537399900006.3,50,-,-,-
2014.06.03-13.45.01,63537399901026.4,51,-,-,-
2014.06.03-13.45.02,63537399902016.4,52,-,-,-
2014.06.03-13.45.03,63537399903006.5,53,-,-,-
2014.06.03-13.45.04,63537399904026.5,54,-,-,-
2014.06.03-13.45.05,63537399905016.6,55,-,-,-
2014.06.03-13.45.06,63537399906006.6,56,-,-,-
2014.06.03-13.45.07,63537399907026.7,57,-,-,-
2014.06.03-13.45.08,63537399908016.8,58,-,-,-
2014.06.03-13.45.09,63537399909006.8,59,-,-,-
2014.06.03-13.45.10,63537399910026.9,60,-,-,-
2014.06.03-13.45.11,63537399911019.9,61,-,-,-
2014.06.03-13.45.12,63537399912010,62,-,-,-
2014.06.03-13.45.13,63537399913000,63,-,-,-
2014.06.03-13.45.14,63537399914020.1,64,-,-,-
2014.06.03-13.45.15,63537399915010.2,65,-,-,-
2014.06.03-13.45.16,63537399916000.2,66,-,-,-
2014.06.03-13.45.17,63537399917020.3,67,-,-,-
2014.06.03-13.45.18,63537399918010.3,68,-,-,-
2014.06.03-13.45.19,63537399919000.4,69,-,-,-
2014.06.03-13.45.20,63537399920020.4,70,-,-,-
2014.06.03-13.45.21,63537399921010.5,71,-,-,-
2014.06.03-13.45.22,63537399922000.6,72,-,-,-
2014.06.03-13.45.23,63537399923020.6,73,-,-,-
2014.06.03-13.45.24,63537399924010.7,74,-,-,-
2014.06.03-13.45.25,63537399925022.7,75,-,-,-
2014.06.03-13.45.26,63537399926012.8,76,-,-,-
2014.06.03-13.45.27,63537399927002.8,77,-,-,-
2014.06.03-13.45.28,63537399928022.9,78,-,-,-
2014.06.03-13.45.29,63537399929013,79,-,-,-
2014.06.03-13.45.30,63537399930008,80,-,-,-
2014.06.03-13.45.31,63537399931029.1,81,-,-,-
2014.06.03-13.45.32,63537399932019.1,82,-,-,-
2014.06.03-13.45.33,63537399933009.2,83,-,-,-
2014.06.03-13.45.34,63537399934029.3,84,-,-,-
2014.06.03-13.45.35,63537399935019.3,85,-,-,-
2014.06.03-13.45.36,63537399936009.4,86,-,-,-
2014.06.03-13.45.37,63537399937029.4,87,-,-,-
2014.06.03-13.45.38,63537399938019.5,88,-,-,-
2014.06.03-13.45.39,63537399939009.5,89,-,-,-
2014.06.03-13.45.40,63537399940029.6,90,-,-,-
2014.06.03-13.45.41,63537399941019.6,91,-,-,-
2014.06.03-13.45.42,63537399942009.7,92,-,-,-
2014.06.03-13.45.43,63537399943029.8,93,-,-,-
2014.06.03-13.45.44,63537399944019.8,94,-,-,-
2014.06.03-13.45.45,63537399945014.9,95,-,-,-
2014.06.03-13.45.46,63537399946004.9,96,-,-,-
2014.06.03-13.45.47,63537399947025,97,-,-,-
2014.06.03-13.45.48,63537399948015,98,-,-,-
2014.06.03-13.45.49,63537399949005.1,99,-,-,-
2014.06.03-13.45.50,63537399950025.2,100,-,-,-
2014.06.03-13.45.51,63537399951015.2,101,-,-,-
2014.06.03-13.45.52,63537399952005.3,102,-,-,-
2014.06.03-13.45.53,63537399953025.3,103,-,-,-
2014.06.03-13.45.54,63537399954015.4,104,-,-,-
2014.06.03-13.45.55,63537399955005.4,105,-,-,-
2014.06.03-13.45.56,63537399956025.5,106,-,-,-
2014.06.03-13.45.57,63537399957015.6,107,-,-,-
2014.06.03-13.45.58,63537399958005.6,108,-,-,-
2014.06.03-13.45.59,63537399959025.7,109,-,-,-
2014.06.03-13.46.00,63537399960015.7,110,-,-,-
2014.06.03-13.46.01,63537399961005.8,111,-,-,-
2014.06.03-13.46.02,63537399962025.8,112,-,-,-
2014.06.03-13.46.03,63537399963015.9,113,-,-,-
2014.06.03-13.46.04,63537399964006,114,-,-,-
2014.06.03-13.46.05,63537399965026,115,-,-,-
2014.06.03-13.46.06,63537399966016.1,116,-,-,-
2014.06.03-13.46.07,63537399967006.1,117,-,-,-
2014.06.03-13.46.08,63537399968026.2,118,-,-,-
2014.06.03-13.46.09,63537399969016.3,119,-,-,-
2014.06.03-13.46.10,63537399970007.3,120,-,-,-
2014.06.03-13.46.11,63537399971027.4,121,-,-,-
2014.06.03-13.46.12,63537399972017.4,122,-,-,-
2014.06.03-13.46.13,63537399973007.5,123,-,-,-
2014.06.03-13.46.14,63537399974027.5,124,-,-,-
2014.06.03-13.46.15,63537399975017.6,125,-,-,-
2014.06.03-13.46.16,63537399976007.6,126,-,-,-
2014.06.03-13.46.17,63537399977027.7,127,-,-,-
2014.06.03-13.46.18,63537399978018.8,128,-,-,-
2014.06.03-13.46.19,63537399979008.8,129,-,-,-
2014.06.03-13.46.20,63537399980028.9,130,-,-,-
2014.06.03-13.46.21,63537399981022.9,131,-,-,-
2014.06.03-13.46.22,63537399982013,132,-,-,-
2014.06.03-13.46.23,63537399983003,133,-,-,-
2014.06.03-13.46.24,63537399984023.1,134,-,-,-
2014.06.03-13.46.25,63537399985013.2,135,-,-,-
2014.06.03-13.46.26,63537399986003.2,136,-,-,-
2014.06.03-13.46.27,63537399987023.3,137,-,-,-
2014.06.03-13.46.28,63537399988013.3,138,-,-,-
2014.06.03-13.46.29,63537399989003.4,139,-,-,-
2014.06.03-13.46.30,63537399990023.5,140,-,-,-
2014.06.03-13.46.31,63537399991013.5,141,-,-,-
2014.06.03-13.46.32,63537399992003.6,142,-,-,-
2014.06.03-13.46.33,63537399993023.6,143,-,-,-
2014.06.03-13.46.34,63537399994013.7,144,-,-,-
2014.06.03-13.46.35,63537399995003.7,145,-,-,-
2014.06.03-13.46.36,63537399996023.8,146,-,-,-
2014.06.03-13.46.37,63537399997013.9,147,-,-,-
2014.06.03-13.46.38,63537399998003.9,148,-,-,-
2014.06.03-13.46.39,63537399999024,149,-,-,-
2014.06.03-13.46.40,63537400000014,150,-,-,-
2014.06.03-13.46.41,63537400001004.1,151,-,-,-
2014.06.03-13.46.42,63537400002024.1,152,-,-,-
2014.06.03-13.46.43,63537400003014.2,153,-,-,-
2014.06.03-13.46.44,63537400004004.3,154,-,-,-
2014.06.03-13.46.45,63537400005024.3,155,-,-,-
2014.06.03-13.46.46,63537400006014.4,156,-,-,-
2014.06.03-13.46.47,63537400007004.4,157,-,-,-
2014.06.03-13.46.48,63537400008025.5,158,-,-,-
2014.06.03-13.46.49,63537400009015.5,159,-,-,-
2014.06.03-13.46.50,63537400010005.6,160,-,-,-
2014.06.03-13.46.51,63537400011025.7,161,-,-,-
2014.06.03-13.46.52,63537400012015.7,162,-,-,-
2014.06.03-13.46.53,63537400013005.8,163,-,-,-
2014.06.03-13.46.54,63537400014025.8,164,-,-,-
2014.06.03-13.46.55,63537400015015.9,165,-,-,-
2014.06.03-13.46.56,63537400016005.9,166,-,-,-
2014.06.03-13.46.57,63537400017026,167,-,-,-
2014.06.03-13.46.58,63537400018016.1,168,-,-,-
2014.06.03-13.46.59,63537400019006.1,169,-,-,-
2014.06.03-13.47.00,63537400020026.2,170,-,-,-
2014.06.03-13.47.01,63537400021016.2,171,-,-,-
2014.06.03-13.47.02,63537400022006.3,172,-,-,-
2014.06.03-13.47.03,63537400023026.3,173,-,-,-
2014.06.03-13.47.04,63537400024018.4,174,-,-,-
2014.06.03-13.47.05,63537400025008.5,175,-,-,-
2014.06.03-13.47.06,63537400026028.5,176,-,-,-
2014.06.03-13.47.07,63537400027018.6,177,-,-,-
2014.06.03-13.47.08,63537400028009.6,178,-,-,-
2014.06.03-13.47.09,63537400029029.7,179,-,-,-
2014.06.03-13.47.10,63537400030019.7,180,-,-,-
2014.06.03-13.47.11,63537400031009.8,181,-,-,-
2014.06.03-13.47.12,63537400032029.9,182,-,-,-
2014.06.03-13.47.13,63537400033019.9,183,-,-,-
2014.06.03-13.47.14,63537400034010,184,-,-,-
2014.06.03-13.47.15,63537400035000,185,-,-,-
2014.06.03-13.47.16,63537400036020.1,186,-,-,-
2014.06.03-13.47.17,63537400037010.1,187,-,-,-
2014.06.03-13.47.18,63537400038000.2,188,-,-,-
2014.06.03-13.47.19,63537400039020.3,189,-,-,-
2014.06.03-13.47.20,63537400040010.3,190,-,-,-
2014.06.03-13.47.21,63537400041000.4,191,-,-,-
2014.06.03-13.47.22,63537400042020.4,192,-,-,-
2014.06.03-13.47.23,63537400043010.5,193,-,-,-
2014.06.03-13.47.24,63537400044000.5,194,-,-,-
2014.06.03-13.47.25,63537400045020.6,195,-,-,-
2014.06.03-13.47.26,63537400046010.7,196,-,-,-
2014.06.03-13.47.27,63537400047000.7,197,-,-,-
2014.06.03-13.47.28,63537400048020.8,198,-,-,-
2014.06.03-13.47.29,63537400049010.8,199,-,-,-
2014.06.03-13.47.30,63537400050000.9,200,-,-,-
2014.06.03-13.47.31,63537400051020.9,201,-,-,-
2014.06.03-13.47.32,63537400052011,202,-,-,-
2014.06.03-13.47.33,63537400053001.1,203,-,-,-
2014.06.03-13.47.34,63537400054021.1,204,-,-,-
2014.06.03-13.47.35,63537400055011.2,205,-,-,-
2014.06.03-13.47.36,63537400056001.2,206,-,-,-
2014.06.03-13.47.37,63537400057021.3,207,-,-,-
2014.06.03-13.47.38,63537400058011.3,208,-,-,-
2014.06.03-13.47.39,63537400059001.4,209,-,-,-
2014.06.03-13.47.40,63537400060021.5,210,-,-,-
2014.06.03-13.47.41,63537400061011.5,211,-,-,-
2014.06.03-13.47.42,63537400062001.6,212,-,-,-
2014.06.03-13.47.43,63537400063021.6,213,-,-,-
2014.06.03-13.47.44,63537400064011.7,214,-,-,-
2014.06.03-13.47.45,63537400065001.7,215,-,-,-
2014.06.03-13.47.46,63537400066021.8,216,-,-,-
2014.06.03-13.47.47,63537400067011.9,217,-,-,-
2014.06.03-13.47.48,63537400068001.9,218,-,-,-
2014.06.03-13.47.49,63537400069022,219,-,-,-
2014.06.03-13.47.50,63537400070012,220,-,-,-
2014.06.03-13.47.51,63537400071002.1,221,-,-,-
2014.06.03-13.47.52,63537400072022.1,222,-,-,-
2014.06.03-13.47.53,63537400073012.2,223,-,-,-
2014.06.03-13.47.54,63537400074002.3,224,-,-,-
2014.06.03-13.47.55,63537400075022.3,225,-,-,-
2014.06.03-13.47.56,63537400076012.4,226,-,-,-
2014.06.03-13.47.57,63537400077002.4,227,-,-,-
2014.06.03-13.47.58,63537400078022.5,228,-,-,-
2014.06.03-13.47.59,63537400079012.5,229,-,-,-
2014.06.03-13.48.00,63537400080002.6,230,-,-,-
2014.06.03-13.48.01,63537400081022.7,231,-,-,-
2014.06.03-13.48.02,63537400082012.7,232,-,-,-
2014.06.03-13.48.03,63537400083002.8,233,-,-,-
2014.06.03-13.48.04,63537400084022.8,234,-,-,-
2014.06.03-13.48.05,63537400085012.9,235,-,-,-
2014.06.03-13.48.06,63537400086002.9,236,-,-,-
2014.06.03-13.48.07,63537400087023,237,-,-,-
2014.06.03-13.48.08,63537400088013.1,238,-,-,-
2014.06.03-13.48.09,63537400089003.1,239,-,-,-
2014.06.03-13.48.10,63537400090023.2,240,-,-,-
2014.06.03-13.48.11,63537400091013.2,241,-,-,-
2014.06.03-13.48.12,63537400092003.3,242,-,-,-
2014.06.03-13.48.13,63537400093023.3,243,-,-,-
2014.06.03-13.48.14,63537400094013.4,244,-,-,-
2014.06.03-13.48.15,63537400095003.5,245,-,-,-
2014.06.03-13.48.16,63537400096023.5,246,-,-,-
2014.06.03-13.48.17,63537400097013.6,247,-,-,-
2014.06.03-13.48.18,63537400098003.6,248,-,-,-
2014.06.03-13.48.19,63537400099023.7,249,-,-,-
2014.06.03-13.48.20,63537400100013.7,250,-,-,-
2014.06.03-13.48.21,63537400101003.8,251,-,-,-
2014.06.03-13.48.22,63537400102023.9,252,-,-,-
2014.06.03-13.48.23,63537400103013.9,253,-,-,-
2014.06.03-13.48.24,63537400104004,254,-,-,-
2014.06.03-13.48.25,63537400105024,255,-,-,-
2014.06.03-13.48.26,63537400106014.1,256,-,-,-
2014.06.03-13.48.27,63537400107004.1,257,-,-,-
2014.06.03-13.48.28,63537400108023.2,258,-,-,-
2014.06.03-13.48.29,63537400109013.3,259,-,-,-
2014.06.03-13.48.30,63537400110003.3,260,-,-,-
2014.06.03-13.48.31,63537400111023.4,261,-,-,-
2014.06.03-13.48.32,63537400112013.4,262,-,-,-
2014.06.03-13.48.33,63537400113003.5,263,-,-,-
2014.06.03-13.48.34,63537400114023.5,264,-,-,-
2014.06.03-13.48.35,63537400115013.6,265,-,-,-
2014.06.03-13.48.36,63537400116003.6,266,-,-,-
2014.06.03-13.48.37,63537400117023.7,267,-,-,-
2014.06.03-13.48.38,63537400118013.8,268,-,-,-
2014.06.03-13.48.39,63537400119003.8,269,-,-,-
2014.06.03-13.48.40,63537400120023.9,270,-,-,-
2014.06.03-13.48.41,63537400121013.9,271,-,-,-
2014.06.03-13.48.42,63537400122005,272,-,-,-
2014.06.03-13.48.43,63537400123025.1,273,-,-,-
2014.06.03-13.48.44,63537400124015.1,274,-,-,-
2014.06.03-13.48.45,63537400125005.2,275,-,-,-
2014.06.03-13.48.46,63537400126025.2,276,-,-,-
2014.06.03-13.48.47,63537400127015.3,277,-,-,-
2014.06.03-13.48.48,63537400128005.3,278,-,-,-
2014.06.03-13.48.49,63537400129025.4,279,-,-,-
2014.06.03-13.48.50,63537400130015.5,280,-,-,-
2014.06.03-13.48.51,63537400131005.5,281,-,-,-
2014.06.03-13.48.52,63537400132025.6,282,-,-,-
2014.06.03-13.48.53,63537400133015.6,283,-,-,-
2014.06.03-13.48.54,63537400134005.7,284,-,-,-
2014.06.03-13.48.55,63537400135025.7,285,-,-,-
2014.06.03-13.48.56,63537400136015.8,286,-,-,-
2014.06.03-13.48.57,63537400137005.9,287,-,-,-
2014.06.03-13.48.58,63537400138025.9,288,-,-,-
2014.06.03-13.48.59,63537400139016,289,-,-,-
2014.06.03-13.49.00,63537400140006,290,-,-,-
2014.06.03-13.49.01,63537400141026.1,291,-,-,-
2014.06.03-13.49.02,63537400142016.1,292,-,-,-
2014.06.03-13.49.03,63537400143006.2,293,-,-,-
2014.06.03-13.49.04,63537400144026.3,294,-,-,-
2014.06.03-13.49.05,63537400145016.3,295,-,-,-
2014.06.03-13.49.06,63537400146006.4,296,-,-,-
2014.06.03-13.49.07,63537400147026.4,297,-,-,-
2014.06.03-13.49.08,63537400148016.5,298,-,-,-
2014.06.03-13.49.09,63537400149006.5,299,-,-,-
2014.06.03-13.49.10,63537400150026.6,300,-,-,-
2014.06.03-13.49.11,63537400151016.7,301,-,-,-
2014.06.03-13.49.12,63537400152006.7,302,-,-,-
2014.06.03-13.49.13,63537400153026.8,303,-,-,-
2014.06.03-13.49.14,63537400154016.8,304,-,-,-
2014.06.03-13.49.15,63537400155006.9,305,-,-,-
2014.06.03-13.49.16,63537400156026.9,306,-,-,-
2014.06.03-13.49.17,63537400157017,307,-,-,-
2014.06.03-13.49.18,63537400158007.1,308,-,-,-
2014.06.03-13.49.19,63537400159027.1,309,-,-,-
2014.06.03-13.49.20,63537400160017.2,310,-,-,-
2014.06.03-13.49.21,63537400161007.2,311,-,-,-
2014.06.03-13.49.22,63537400162027.3,312,-,-,-
2014.06.03-13.49.23,63537400163017.3,313,-,-,-
2014.06.03-13.49.24,63537400164007.4,314,-,-,-
2014.06.03-13.49.25,63537400165027.5,315,-,-,-
2014.06.03-13.49.26,63537400166017.5,316,-,-,-
2014.06.03-13.49.27,63537400167007.6,317,-,-,-
2014.06.03-13.49.28,63537400168027.6,318,-,-,-
2014.06.03-13.49.29,63537400169017.7,319,-,-,-
2014.06.03-13.49.30,63537400170007.8,320,-,-,-
2014.06.03-13.49.31,63537400171027.8,321,-,-,-
2014.06.03-13.49.32,63537400172017.9,322,-,-,-
2014.06.03-13.49.33,63537400173007.9,323,-,-,-
2014.06.03-13.49.34,63537400174028,324,-,-,-
2014.06.03-13.49.35,63537400175018,325,-,-,-
2014.06.03-13.49.36,63537400176008.1,326,-,-,-
2014.06.03-13.49.37,63537400177028.1,327,-,-,-
2014.06.03-13.49.38,63537400178018.2,328,-,-,-
2014.06.03-13.49.39,63537400179008.3,329,-,-,-
2014.06.03-13.49.40,63537400180028.3,330,-,-,-
2014.06.03-13.49.41,63537400181018.4,331,-,-,-
2014.06.03-13.49.42,63537400182008.4,332,-,-,-
2014.06.03-13.49.43,63537400183028.5,333,-,-,-
2014.06.03-13.49.44,63537400184018.5,334,-,-,-
2014.06.03-13.49.45,63537400185008.6,335,-,-,-
2014.06.03-13.49.46,63537400186028.7,336,-,-,-
2014.06.03-13.49.47,63537400187018.7,337,-,-,-
2014.06.03-13.49.48,63537400188008.8,338,-,-,-
2014.06.03-13.49.49,63537400189028.8,339,-,-,-
2014.06.03-13.49.50,63537400190018.9,340,-,-,-
2014.06.03-13.49.51,63537400191009,341,-,-,-
2014.06.03-13.49.52,63537400192029,342,-,-,-
2014.06.03-13.49.53,63537400193019.1,343,-,-,-
2014.06.03-13.49.54,63537400194009.1,344,-,-,-
2014.06.03-13.49.55,63537400195029.2,345,-,-,-
2014.06.03-13.49.56,63537400196019.2,346,-,-,-
2014.06.03-13.49.57,63537400197009.3,347,-,-,-
2014.06.03-13.49.58,63537400198029.4,348,-,-,-
2014.06.03-13.49.59,63537400199019.4,349,-,-,-
2014.06.03-13.50.00,63537400200009.5,350,-,-,-
2014.06.03-13.50.01,63537400201029.5,351,-,-,-
2014.06.03-13.50.02,63537400202019.6,352,-,-,-
2014.06.03-13.50.03,63537400203009.6,353,-,-,-
2014.06.03-13.50.04,63537400204029.7,354,-,-,-
2014.06.03-13.50.05,63537400205019.8,355,-,-,-
2014.06.03-13.50.06,63537400206009.8,356,-,-,-
2014.06.03-13.50.07,63537400207029.9,357,-,-,-
2014.06.03-13.50.08,63537400208021.9,358,-,-,-
2014.06.03-13.50.09,63537400209012,359,-,-,-
2014.06.03-13.50.10,63537400210002,360,-,-,-
2014.06.03-13.50.11,63537400211022.1,361,-,-,-
2014.06.03-13.50.12,63537400212012.1,362,-,-,-
2014.06.03-13.50.13,63537400213002.2,363,-,-,-
2014.06.03-13.50.14,63537400214022.3,364,-,-,-
2014.06.03-13.50.15,63537400215012.3,365,-,-,-
2014.06.03-13.50.16,63537400216002.4,366,-,-,-
2014.06.03-13.50.17,63537400217022.4,367,-,-,-
2014.06.03-13.50.18,63537400218012.5,368,-,-,-
2014.06.03-13.50.19,63537400219002.5,369,-,-,-
2014.06.03-13.50.20,63537400220022.6,370,-,-,-
2014.06.03-13.50.21,63537400221012.7,371,-,-,-
2014.06.03-13.50.22,63537400222002.7,372,-,-,-
2014.06.03-13.50.23,63537400223022.8,373,-,-,-
2014.06.03-13.50.24,63537400224012.8,374,-,-,-
2014.06.03-13.50.25,63537400225002.9,375,-,-,-
2014.06.03-13.50.26,63537400226023,376,-,-,-
2014.06.03-13.50.27,63537400227013,377,-,-,-
2014.06.03-13.50.28,63537400228003.1,378,-,-,-
2014.06.03-13.50.29,63537400229023.1,379,-,-,-
2014.06.03-13.50.30,63537400230013.2,380,-,-,-
2014.06.03-13.50.31,63537400231003.2,381,-,-,-
2014.06.03-13.50.32,63537400232023.3,382,-,-,-
2014.06.03-13.50.33,63537400233013.4,383,-,-,-
2014.06.03-13.50.34,63537400234003.4,384,-,-,-
2014.06.03-13.50.35,63537400235023.5,385,-,-,-
2014.06.03-13.50.36,63537400236013.5,386,-,-,-
2014.06.03-13.50.37,63537400237003.6,387,-,-,-
2014.06.03-13.50.38,63537400238023.6,388,-,-,-
2014.06.03-13.50.39,63537400239013.7,389,-,-,-
2014.06.03-13.50.40,63537400240003.8,390,-,-,-
2014.06.03-13.50.41,63537400241023.8,391,-,-,-
2014.06.03-13.50.42,63537400242013.9,392,-,-,-
2014.06.03-13.50.43,63537400243003.9,393,-,-,-
2014.06.03-13.50.44,63537400244024,394,-,-,-
2014.06.03-13.50.45,63537400245014,395,-,-,-
2014.06.03-13.50.46,63537400246004.1,396,-,-,-
2014.06.03-13.50.47,63537400247024.2,397,-,-,-
2014.06.03-13.50.48,63537400248014.2,398,-,-,-
2014.06.03-13.50.49,63537400249004.3,399,-,-,-
2014.06.03-13.50.50,63537400250024.3,400,-,-,-
2014.06.03-13.50.51,63537400251014.4,401,-,-,-
2014.06.03-13.50.52,63537400252004.4,402,-,-,-
2014.06.03-13.50.53,63537400253024.5,403,-,-,-
2014.06.03-13.50.54,63537400254014.6,404,-,-,-
2014.06.03-13.50.55,63537400255004.6,405,-,-,-
2014.06.03-13.50.56,63537400256024.7,406,-,-,-
2014.06.03-13.50.57,63537400257014.7,407,-,-,-
2014.06.03-13.50.58,63537400258004.8,408,-,-,-
2014.06.03-13.50.59,63537400259024.8,409,-,-,-
2014.06.03-13.51.00,63537400260014.9,410,-,-,-
2014.06.03-13.51.01,63537400261004.9,411,-,-,-
2014.06.03-13.51.02,63537400262025,412,-,-,-
2014.06.03-13.51.03,63537400263015.1,413,-,-,-
2014.06.03-13.51.04,63537400264005.1,414,-,-,-
2014.06.03-13.51.05,63537400265025.2,415,-,-,-
2014.06.03-13.51.06,63537400266015.2,416,-,-,-
2014.06.03-13.51.07,63537400267005.3,417,-,-,-
2014.06.03-13.51.08,63537400268025.3,418,-,-,-
2014.06.03-13.51.09,63537400269015.4,419,-,-,-
2014.06.03-13.51.10,63537400270005.5,420,-,-,-
2014.06.03-13.51.11,63537400271025.5,421,-,-,-
2014.06.03-13.51.12,63537400272015.6,422,-,-,-
2014.06.03-13.51.13,63537400273005.6,423,-,-,-
2014.06.03-13.51.14,63537400274025.7,424,-,-,-
2014.06.03-13.51.15,63537400275015.8,425,-,-,-
2014.06.03-13.51.16,63537400276005.8,426,-,-,-
2014.06.03-13.51.17,63537400277025.9,427,-,-,-
2014.06.03-13.51.18,63537400278015.9,428,-,-,-
2014.06.03-13.51.19,63537400279006,429,-,-,-
2014.06.03-13.51.20,63537400280026,430,-,-,-
2014.06.03-13.51.21,63537400281016.1,431,-,-,-
2014.06.03-13.51.22,63537400282006.1,432,-,-,-
2014.06.03-13.51.23,63537400283026.2,433,-,-,-
2014.06.03-13.51.24,63537400284016.3,434,-,-,-
2014.06.03-13.51.25,63537400285006.3,435,-,-,-
2014.06.03-13.51.26,63537400286026.4,436,-,-,-
2014.06.03-13.51.27,63537400287016.4,437,-,-,-
2014.06.03-13.51.28,63537400288006.5,438,-,-,-
2014.06.03-13.51.29,63537400289026.5,439,-,-,-
2014.06.03-13.51.30,63537400290017.6,440,-,-,-
2014.06.03-13.51.31,63537400291007.7,441,-,-,-
2014.06.03-13.51.32,63537400292027.7,442,-,-,-
2014.06.03-13.51.33,63537400293017.8,443,-,-,-
2014.06.03-13.51.34,63537400294007.8,444,-,-,-
2014.06.03-13.51.35,63537400295027.9,445,-,-,-
2014.06.03-13.51.36,63537400296017.9,446,-,-,-
2014.06.03-13.51.37,63537400297008,447,-,-,-
2014.06.03-13.51.38,63537400298028.1,448,-,-,-
2014.06.03-13.51.39,63537400299018.1,449,-,-,-
2014.06.03-13.51.40,63537400300008.2,450,-,-,-
2014.06.03-13.51.41,63537400301028.2,451,-,-,-
2014.06.03-13.51.42,63537400302018.3,452,-,-,-
2014.06.03-13.51.43,63537400303008.4,453,-,-,-
2014.06.03-13.51.44,63537400304028.4,454,-,-,-
2014.06.03-13.51.45,63537400305018.5,455,-,-,-
2014.06.03-13.51.46,63537400306008.5,456,-,-,-
2014.06.03-13.51.47,63537400307028.6,457,-,-,-
2014.06.03-13.51.48,63537400308018.6,458,-,-,-
2014.06.03-13.51.49,63537400309008.7,459,-,-,-
2014.06.03-13.51.50,63537400310028.8,460,-,-,-
2014.06.03-13.51.51,63537400311018.8,461,-,-,-
2014.06.03-13.51.52,63537400312008.9,462,-,-,-
2014.06.03-13.51.53,63537400313028.9,463,-,-,-
2014.06.03-13.51.54,63537400314019,464,-,-,-
2014.06.03-13.51.55,63537400315009,465,-,-,-
2014.06.03-13.51.56,63537400316029.1,466,-,-,-
2014.06.03-13.51.57,63537400317019.1,467,-,-,-
2014.06.03-13.51.58,63537400318009.2,468,-,-,-
2014.06.03-13.51.59,63537400319029.3,469,-,-,-
2014.06.03-13.52.00,63537400320019.3,470,-,-,-
2014.06.03-13.52.01,63537400321009.4,471,-,-,-
2014.06.03-13.52.02,63537400322029.4,472,-,-,-
2014.06.03-13.52.03,63537400323019.5,473,-,-,-
2014.06.03-13.52.04,63537400324009.6,474,-,-,-
2014.06.03-13.52.05,63537400325029.6,475,-,-,-
2014.06.03-13.52.06,63537400326019.7,476,-,-,-
2014.06.03-13.52.07,63537400327009.7,477,-,-,-
2014.06.03-13.52.08,63537400328029.8,478,-,-,-
2014.06.03-13.52.09,63537400329019.8,479,-,-,-
2014.06.03-13.52.10,63537400330009.9,480,-,-,-
2014.06.03-13.52.11,63537400331030,481,-,-,-
2014.06.03-13.52.12,63537400332020,482,-,-,-
2014.06.03-13.52.13,63537400333010.1,483,-,-,-
2014.06.03-13.52.14,63537400334000.1,484,-,-,-
2014.06.03-13.52.15,63537400335021.2,485,-,-,-
2014.06.03-13.52.16,63537400336011.2,486,-,-,-
2014.06.03-13.52.17,63537400337001.3,487,-,-,-
2014.06.03-13.52.18,63537400338021.4,488,-,-,-
2014.06.03-13.52.19,63537400339011.4,489,-,-,-
2014.06.03-13.52.20,63537400340001.5,490,-,-,-
2014.06.03-13.52.21,63537400341021.5,491,-,-,-
2014.06.03-13.52.22,63537400342011.6,492,-,-,-
2014.06.03-13.52.23,63537400343001.6,493,-,-,-
2014.06.03-13.52.24,63537400344021.7,494,-,-,-
2014.06.03-13.52.25,63537400345011.8,495,-,-,-
2014.06.03-13.52.26,63537400346001.8,496,-,-,-
2014.06.03-13.52.27,63537400347021.9,497,-,-,-
2014.06.03-13.52.28,63537400348011.9,498,-,-,-
2014.06.03-13.52.29,63537400349002,499,-,-,-
2014.06.03-13.52.30,63537400350022,500,-,-,-
2014.06.03-13.52.31,63537400351012.1,501,-,-,-
2014.06.03-13.52.32,63537400352002.2,502,-,-,-
2014.06.03-13.52.33,63537400353022.2,503,-,-,-
2014.06.03-13.52.34,63537400354012.3,504,-,-,-
2014.06.03-13.52.35,63537400355002.3,505,-,-,-
2014.06.03-13.52.36,63537400356022.4,506,-,-,-
2014.06.03-13.52.37,63537400357012.4,507,-,-,-
2014.06.03-13.52.38,63537400358002.5,508,-,-,-
2014.06.03-13.52.39,63537400359022.6,509,-,-,-
2014.06.03-13.52.40,63537400360012.6,510,-,-,-
2014.06.03-13.52.41,63537400361002.7,511,-,-,-
2014.06.03-13.52.42,63537400362022.7,512,-,-,-
2014.06.03-13.52.43,63537400363012.8,513,-,-,-
2014.06.03-13.52.44,63537400364002.8,514,-,-,-
2014.06.03-13.52.45,63537400365022.9,515,-,-,-
2014.06.03-13.52.46,63537400366013,516,-,-,-
2014.06.03-13.52.47,63537400367003,517,-,-,-
2014.06.03-13.52.48,63537400368023.1,518,-,-,-
2014.06.03-13.52.49,63537400369013.1,519,-,-,-
2014.06.03-13.52.50,63537400370003.2,520,-,-,-
2014.06.03-13.52.51,63537400371023.3,521,-,-,-
2014.06.03-13.52.52,63537400372013.3,522,-,-,-
2014.06.03-13.52.53,63537400373003.4,523,-,-,-
2014.06.03-13.52.54,63537400374023.4,524,-,-,-
2014.06.03-13.52.55,63537400375013.5,525,-,-,-
2014.06.03-13.52.56,63537400376003.5,526,-,-,-
2014.06.03-13.52.57,63537400377023.6,527,-,-,-
2014.06.03-13.52.58,63537400378013.6,528,-,-,-
2014.06.03-13.52.59,63537400379003.7,529,-,-,-
2014.06.03-13.53.00,63537400380023.8,530,-,-,-
2014.06.03-13.53.01,63537400381013.8,531,-,-,-
2014.06.03-13.53.02,63537400382003.9,532,-,-,-
2014.06.03-13.53.03,63537400383023.9,533,-,-,-
2014.06.03-13.53.04,63537400384014,534,-,-,-
2014.06.03-13.53.05,63537400385004,535,-,-,-
2014.06.03-13.53.06,63537400386024.1,536,-,-,-
2014.06.03-13.53.07,63537400387014.2,537,-,-,-
2014.06.03-13.53.08,63537400388004.2,538,-,-,-
2014.06.03-13.53.09,63537400389024.3,539,-,-,-
2014.06.03-13.53.10,63537400390014.3,540,-,-,-
2014.06.03-13.53.11,63537400391004.4,541,-,-,-
2014.06.03-13.53.12,63537400392024.4,542,-,-,-
2014.06.03-13.53.13,63537400393014.5,543,-,-,-
2014.06.03-13.53.14,63537400394004.6,544,-,-,-
2014.06.03-13.53.15,63537400395024.6,545,-,-,-
2014.06.03-13.53.16,63537400396014.7,546,-,-,-
2014.06.03-13.53.17,63537400397006.7,547,-,-,-
2014.06.03-13.53.18,63537400398026.8,548,-,-,-
2014.06.03-13.53.19,63537400399016.9,549,-,-,-
2014.06.03-13.53.20,63537400400006.9,550,-,-,-
2014.06.03-13.53.21,63537400401027,551,-,-,-
2014.06.03-13.53.22,63537400402017,552,-,-,-
2014.06.03-13.53.23,63537400403007.1,553,-,-,-
2014.06.03-13.53.24,63537400404027.1,554,-,-,-
2014.06.03-13.53.25,63537400405017.2,555,-,-,-
2014.06.03-13.53.26,63537400406007.3,556,-,-,-
2014.06.03-13.53.27,63537400407027.3,557,-,-,-
2014.06.03-13.53.28,63537400408017.4,558,-,-,-
2014.06.03-13.53.29,63537400409007.4,559,-,-,-
2014.06.03-13.53.30,63537400410027.5,560,-,-,-
2014.06.03-13.53.31,63537400411017.5,561,-,-,-
2014.06.03-13.53.32,63537400412007.6,562,-,-,-
2014.06.03-13.53.33,63537400413027.6,563,-,-,-
2014.06.03-13.53.34,63537400414017.7,564,-,-,-
2014.06.03-13.53.35,63537400415007.8,565,-,-,-
2014.06.03-13.53.36,63537400416027.8,566,-,-,-
2014.06.03-13.53.37,63537400417017.9,567,-,-,-
2014.06.03-13.53.38,63537400418007.9,568,-,-,-
2014.06.03-13.53.39,63537400419028,569,-,-,-
2014.06.03-13.53.40,63537400420018.1,570,-,-,-
2014.06.03-13.53.41,63537400421008.1,571,-,-,-
2014.06.03-13.53.42,63537400422028.2,572,-,-,-
2014.06.03-13.53.43,63537400423018.2,573,-,-,-
2014.06.03-13.53.44,63537400424008.3,574,-,-,-
2014.06.03-13.53.45,63537400425028.3,575,-,-,-
2014.06.03-13.53.46,63537400426018.4,576,-,-,-
2014.06.03-13.53.47,63537400427008.5,577,-,-,-
2014.06.03-13.53.48,63537400428028.5,578,-,-,-
2014.06.03-13.53.49,63537400429019.6,579,-,-,-
2014.06.03-13.53.50,63537400430009.6,580,-,-,-
2014.06.03-13.53.51,63537400431029.7,581,-,-,-
2014.06.03-13.53.52,63537400432019.7,582,-,-,-
2014.06.03-13.53.53,63537400433009.8,583,-,-,-
2014.06.03-13.53.54,63537400434029.9,584,-,-,-
2014.06.03-13.53.55,63537400435019.9,585,-,-,-
2014.06.03-13.53.56,63537400436010,586,-,-,-
2014.06.03-13.53.57,63537400437000,587,-,-,-
2014.06.03-13.53.58,63537400438020.1,588,-,-,-
2014.06.03-13.53.59,63537400439010.1,589,-,-,-
2014.06.03-13.54.00,63537400440000.2,590,-,-,-
2014.06.03-13.54.01,63537400441020.3,591,-,-,-
2014.06.03-13.54.02,63537400442010.3,592,-,-,-
2014.06.03-13.54.03,63537400443000.4,593,-,-,-
2014.06.03-13.54.04,63537400444020.4,594,-,-,-
2014.06.03-13.54.05,63537400445010.5,595,-,-,-
2014.06.03-13.54.06,63537400446000.5,596,-,-,-
2014.06.03-13.54.07,63537400447020.6,597,-,-,-
2014.06.03-13.54.08,63537400448010.7,598,-,-,-
2014.06.03-13.54.09,63537400449000.7,599,-,-,-
2014.06.03-13.54.10,63537400450020.8,600,-,-,-
2014.06.03-13.54.11,63537400451010.8,601,-,-,-
2014.06.03-13.54.12,63537400452000.9,602,-,-,-
2014.06.03-13.54.13,63537400453020.9,603,-,-,-
2014.06.03-13.54.14,63537400454011,604,-,-,-
2014.06.03-13.54.15,63537400455001,605,-,-,-
2014.06.03-13.54.16,63537400456021.1,606,-,-,-
2014.06.03-13.54.17,63537400457011.2,607,-,-,-
2014.06.03-13.54.18,63537400458001.2,608,-,-,-
2014.06.03-13.54.19,63537400459021.3,609,-,-,-
2014.06.03-13.54.20,63537400460011.3,610,-,-,-
2014.06.03-13.54.21,63537400461001.4,611,-,-,-
2014.06.03-13.54.22,63537400462021.4,612,-,-,-
2014.06.03-13.54.23,63537400463011.5,613,-,-,-
2014.06.03-13.54.24,63537400464001.6,614,-,-,-
2014.06.03-13.54.25,63537400465021.6,615,-,-,-
2014.06.03-13.54.26,63537400466011.7,616,-,-,-
2014.06.03-13.54.27,63537400467001.7,617,-,-,-
2014.06.03-13.54.28,63537400468021.8,618,-,-,-
2014.06.03-13.54.29,63537400469011.8,619,-,-,-
2014.06.03-13.54.30,63537400470001.9,620,-,-,-
2014.06.03-13.54.31,63537400471022,621,-,-,-
2014.06.03-13.54.32,63537400472012,622,-,-,-
2014.06.03-13.54.33,63537400473002.1,623,-,-,-
2014.06.03-13.54.34,63537400474022.1,624,-,-,-
2014.06.03-13.54.35,63537400475012.2,625,-,-,-
2014.06.03-13.54.36,63537400476002.2,626,-,-,-
2014.06.03-13.54.37,63537400477022.3,627,-,-,-
2014.06.03-13.54.38,63537400478012.4,628,-,-,-
2014.06.03-13.54.39,63537400479002.4,629,-,-,-
2014.06.03-13.54.40,63537400480022.5,630,-,-,-
2014.06.03-13.54.41,63537400481012.5,631,-,-,-
2014.06.03-13.54.42,63537400482002.6,632,-,-,-
2014.06.03-13.54.43,63537400483022.6,633,-,-,-
2014.06.03-13.54.44,63537400484012.7,634,-,-,-
2014.06.03-13.54.45,63537400485002.8,635,-,-,-
2014.06.03-13.54.46,63537400486022.8,636,-,-,-
2014.06.03-13.54.47,63537400487012.9,637,-,-,-
2014.06.03-13.54.48,63537400488002.9,638,-,-,-
2014.06.03-13.54.49,63537400489023,639,-,-,-
2014.06.03-13.54.50,63537400490013,640,-,-,-
2014.06.03-13.54.51,63537400491003.1,641,-,-,-
2014.06.03-13.54.52,63537400492023.2,642,-,-,-
2014.06.03-13.54.53,63537400493013.2,643,-,-,-
2014.06.03-13.54.54,63537400494003.3,644,-,-,-
2014.06.03-13.54.55,63537400495023.3,645,-,-,-
2014.06.03-13.54.56,63537400496013.4,646,-,-,-
2014.06.03-13.54.57,63537400497003.4,647,-,-,-
2014.06.03-13.54.58,63537400498023.5,648,-,-,-
2014.06.03-13.54.59,63537400499013.6,649,-,-,-
2014.06.03-13.55.00,63537400500003.6,650,-,-,-
2014.06.03-13.55.01,63537400501023.7,651,-,-,-
2014.06.03-13.55.02,63537400502013.7,652,-,-,-
2014.06.03-13.55.03,63537400503003.8,653,-,-,-
2014.06.03-13.55.04,63537400504023.9,654,-,-,-
2014.06.03-13.55.05,63537400505013.9,655,-,-,-
2014.06.03-13.55.06,63537400506004,656,-,-,-
2014.06.03-13.55.07,63537400507024,657,-,-,-
2014.06.03-13.55.08,63537400508014.1,658,-,-,-
2014.06.03-13.55.09,63537400509004.1,659,-,-,-
2014.06.03-13.55.10,63537400510024.2,660,-,-,-
2014.06.03-13.55.11,63537400511014.3,661,-,-,-
2014.06.03-13.55.12,63537400512005.3,662,-,-,-
2014.06.03-13.55.13,63537400513025.4,663,-,-,-
2014.06.03-13.55.14,63537400514015.4,664,-,-,-
2014.06.03-13.55.15,63537400515005.5,665,-,-,-
2014.06.03-13.55.16,63537400516025.5,666,-,-,-
2014.06.03-13.55.17,63537400517015.6,667,-,-,-
2014.06.03-13.55.18,63537400518005.6,668,-,-,-
2014.06.03-13.55.19,63537400519025.7,669,-,-,-
2014.06.03-13.55.20,63537400520015.8,670,-,-,-
2014.06.03-13.55.21,63537400521005.8,671,-,-,-
2014.06.03-13.55.22,63537400522025.9,672,-,-,-
2014.06.03-13.55.23,63537400523015.9,673,-,-,-
2014.06.03-13.55.24,63537400524006,674,-,-,-
2014.06.03-13.55.25,63537400525026.1,675,-,-,-
2014.06.03-13.55.26,63537400526016.1,676,-,-,-
2014.06.03-13.55.27,63537400527006.2,677,-,-,-
2014.06.03-13.55.28,63537400528026.2,678,-,-,-
2014.06.03-13.55.29,63537400529016.3,679,-,-,-
2014.06.03-13.55.30,63537400530006.3,680,-,-,-
2014.06.03-13.55.31,63537400531026.4,681,-,-,-
2014.06.03-13.55.32,63537400532016.5,682,-,-,-
2014.06.03-13.55.33,63537400533006.5,683,-,-,-
2014.06.03-13.55.34,63537400534026.6,684,-,-,-
2014.06.03-13.55.35,63537400535016.6,685,-,-,-
2014.06.03-13.55.36,63537400536006.7,686,-,-,-
2014.06.03-13.55.37,63537400537026.7,687,-,-,-
2014.06.03-13.55.38,63537400538016.8,688,-,-,-
2014.06.03-13.55.39,63537400539006.9,689,-,-,-
2014.06.03-13.55.40,63537400540026.9,690,-,-,-
2014.06.03-13.55.41,63537400541017,691,-,-,-
2014.06.03-13.55.42,63537400542007,692,-,-,-
2014.06.03-13.55.43,63537400543027.1,693,-,-,-
2014.06.03-13.55.44,63537400544017.1,694,-,-,-
2014.06.03-13.55.45,63537400545007.2,695,-,-,-
2014.06.03-13.55.46,63537400546027.3,696,-,-,-
2014.06.03-13.55.47,63537400547017.3,697,-,-,-
2014.06.03-13.55.48,63537400548007.4,698,-,-,-
2014.06.03-13.55.49,63537400549027.4,699,-,-,-
2014.06.03-13.55.50,63537400550017.5,700,-,-,-
2014.06.03-13.55.51,63537400551007.5,701,-,-,-
2014.06.03-13.55.52,63537400552027.6,702,-,-,-
2014.06.03-13.55.53,63537400553017.7,703,-,-,-
2014.06.03-13.55.54,63537400554007.7,704,-,-,-
2014.06.03-13.55.55,63537400555027.8,705,-,-,-
2014.06.03-13.55.56,63537400556017.8,706,-,-,-
2014.06.03-13.55.57,63537400557007.9,707,-,-,-
2014.06.03-13.55.58,63537400558027.9,708,-,-,-
2014.06.03-13.55.59,63537400559018,709,-,-,-
2014.06.03-13.56.00,63537400560008.1,710,-,-,-
2014.06.03-13.56.01,63537400561028.1,711,-,-,-
2014.06.03-13.56.02,63537400562018.2,712,-,-,-
2014.06.03-13.56.03,63537400563008.2,713,-,-,-
2014.06.03-13.56.04,63537400564028.3,714,-,-,-
2014.06.03-13.56.05,63537400565018.3,715,-,-,-
2014.06.03-13.56.06,63537400566008.4,716,-,-,-
2014.06.03-13.56.07,63537400567028.5,717,-,-,-
2014.06.03-13.56.08,63537400568018.5,718,-,-,-
2014.06.03-13.56.09,63537400569008.6,719,-,-,-
2014.06.03-13.56.10,63537400570028.6,720,-,-,-
2014.06.03-13.56.11,63537400571018.7,721,-,-,-
2014.06.03-13.56.12,63537400572008.7,722,-,-,-
2014.06.03-13.56.13,63537400573028.8,723,-,-,-
2014.06.03-13.56.14,63537400574018.9,724,-,-,-
2014.06.03-13.56.15,63537400575008.9,725,-,-,-
2014.06.03-13.56.16,63537400576029,726,-,-,-
2014.06.03-13.56.17,63537400577019,727,-,-,-
2014.06.03-13.56.18,63537400578009.1,728,-,-,-
2014.06.03-13.56.19,63537400579029.1,729,-,-,-
2014.06.03-13.56.20,63537400580019.2,730,-,-,-
2014.06.03-13.56.21,63537400581009.3,731,-,-,-
2014.06.03-13.56.22,63537400582029.3,732,-,-,-
2014.06.03-13.56.23,63537400583019.4,733,-,-,-
2014.06.03-13.56.24,63537400584009.4,734,-,-,-
2014.06.03-13.56.25,63537400585029.5,735,-,-,-
2014.06.03-13.56.26,63537400586019.5,736,-,-,-
2014.06.03-13.56.27,63537400587009.6,737,-,-,-
2014.06.03-13.56.28,63537400588029.7,738,-,-,-
2014.06.03-13.56.29,63537400589019.7,739,-,-,-
2014.06.03-13.56.30,63537400590009.8,740,-,-,-
2014.06.03-13.56.31,63537400591029.8,741,-,-,-
2014.06.03-13.56.32,63537400592019.9,742,-,-,-
2014.06.03-13.56.33,63537400593009.9,743,-,-,-
2014.06.03-13.56.34,63537400594030,744,-,-,-
2014.06.03-13.56.35,63537400595020.1,745,-,-,-
2014.06.03-13.56.36,63537400596010.1,746,-,-,-
2014.06.03-13.56.37,63537400597000.2,747,-,-,-
2014.06.03-13.56.38,63537400598020.2,748,-,-,-
2014.06.03-13.56.39,63537400599010.3,749,-,-,-
2014.06.03-13.56.40,63537400600000.3,750,-,-,-
2014.06.03-13.56.41,63537400601020.4,751,-,-,-
2014.06.03-13.56.42,63537400602010.5,752,-,-,-
2014.06.03-13.56.43,63537400603000.5,753,-,-,-
2014.06.03-13.56.44,63537400604020.6,754,-,-,-
2014.06.03-13.56.45,63537400605010.6,755,-,-,-
2014.06.03-13.56.46,63537400606000.7,756,-,-,-
2014.06.03-13.56.47,63537400607020.7,757,-,-,-
2014.06.03-13.56.48,63537400608010.8,758,-,-,-
2014.06.03-13.56.49,63537400609000.9,759,-,-,-
2014.06.03-13.56.50,63537400610020.9,760,-,-,-
2014.06.03-13.56.51,63537400611011,761,-,-,-
2014.06.03-13.56.52,63537400612001,762,-,-,-
2014.06.03-13.56.53,63537400613021.1,763,-,-,-
2014.06.03-13.56.54,63537400614011.1,764,-,-,-
2014.06.03-13.56.55,63537400615001.2,765,-,-,-
2014.06.03-13.56.56,63537400616021.3,766,-,-,-
2014.06.03-13.56.57,63537400617011.3,767,-,-,-
2014.06.03-13.56.58,63537400618001.4,768,-,-,-
2014.06.03-13.56.59,63537400619021.4,769,-,-,-
2014.06.03-13.57.00,63537400620011.5,770,-,-,-
2014.06.03-13.57.01,63537400621001.5,771,-,-,-
2014.06.03-13.57.02,63537400622021.6,772,-,-,-
2014.06.03-13.57.03,63537400623011.6,773,-,-,-
2014.06.03-13.57.04,63537400624001.7,774,-,-,-
2014.06.03-13.57.05,63537400625021.8,775,-,-,-
2014.06.03-13.57.06,63537400626011.8,776,-,-,-
2014.06.03-13.57.07,63537400627001.9,777,-,-,-
2014.06.03-13.57.08,63537400628021.9,778,-,-,-
2014.06.03-13.57.09,63537400629012,779,-,-,-
2014.06.03-13.57.10,63537400630002.1,780,-,-,-
2014.06.03-13.57.11,63537400631022.1,781,-,-,-
2014.06.03-13.57.12,63537400632012.2,782,-,-,-
2014.06.03-13.57.13,63537400633002.2,783,-,-,-
2014.06.03-13.57.14,63537400634022.3,784,-,-,-
2014.06.03-13.57.15,63537400635012.3,785,-,-,-
2014.06.03-13.57.16,63537400636002.4,786,-,-,-
2014.06.03-13.57.17,63537400637022.5,787,-,-,-
2014.06.03-13.57.18,63537400638012.5,788,-,-,-
2014.06.03-13.57.19,63537400639002.6,789,-,-,-
2014.06.03-13.57.20,63537400640022.6,790,-,-,-
2014.06.03-13.57.21,63537400641012.7,791,-,-,-
2014.06.03-13.57.22,63537400642002.7,792,-,-,-
2014.06.03-13.57.23,63537400643022.8,793,-,-,-
2014.06.03-13.57.24,63537400644012.9,794,-,-,-
2014.06.03-13.57.25,63537400645002.9,795,-,-,-
2014.06.03-13.57.26,63537400646023,796,-,-,-
2014.06.03-13.57.27,63537400647013,797,-,-,-
2014.06.03-13.57.28,63537400648003.1,798,-,-,-
2014.06.03-13.57.29,63537400649023.1,799,-,-,-
2014.06.03-13.57.30,63537400650013.2,800,-,-,-
2014.06.03-13.57.31,63537400651003.3,801,-,-,-
2014.06.03-13.57.32,63537400652023.3,802,-,-,-
2014.06.03-13.57.33,63537400653013.4,803,-,-,-
2014.06.03-13.57.34,63537400654003.4,804,-,-,-
2014.06.03-13.57.35,63537400655023.5,805,-,-,-
2014.06.03-13.57.36,63537400656013.5,806,-,-,-
2014.06.03-13.57.37,63537400657003.6,807,-,-,-
2014.06.03-13.57.38,63537400658023.7,808,-,-,-
2014.06.03-13.57.39,63537400659013.7,809,-,-,-
2014.06.03-13.57.40,63537400660003.8,810,-,-,-
2014.06.03-13.57.41,63537400661023.8,811,-,-,-
2014.06.03-13.57.42,63537400662013.9,812,-,-,-
2014.06.03-13.57.43,63537400663003.9,813,-,-,-
2014.06.03-13.57.44,63537400664024,814,-,-,-
2014.06.03-13.57.45,63537400665014.1,815,-,-,-
2014.06.03-13.57.46,63537400666004.1,816,-,-,-
2014.06.03-13.57.47,63537400667024.2,817,-,-,-
2014.06.03-13.57.48,63537400668014.2,818,-,-,-
2014.06.03-13.57.49,63537400669004.3,819,-,-,-
2014.06.03-13.57.50,63537400670024.4,820,-,-,-
2014.06.03-13.57.51,63537400671014.4,821,-,-,-
2014.06.03-13.57.52,63537400672004.5,822,-,-,-
2014.06.03-13.57.53,63537400673024.5,823,-,-,-
2014.06.03-13.57.54,63537400674014.6,824,-,-,-
2014.06.03-13.57.55,63537400675004.6,825,-,-,-
2014.06.03-13.57.56,63537400676024.7,826,-,-,-
2014.06.03-13.57.57,63537400677014.8,827,-,-,-
2014.06.03-13.57.58,63537400678004.8,828,-,-,-
2014.06.03-13.57.59,63537400679024.9,829,-,-,-
2014.06.03-13.58.00,63537400680014.9,830,-,-,-
2014.06.03-13.58.01,63537400681005,831,-,-,-
2014.06.03-13.58.02,63537400682025,832,-,-,-
2014.06.03-13.58.03,63537400683015.1,833,-,-,-
2014.06.03-13.58.04,63537400684005.1,834,-,-,-
2014.06.03-13.58.05,63537400685025.2,835,-,-,-
2014.06.03-13.58.06,63537400686015.3,836,-,-,-
2014.06.03-13.58.07,63537400687005.3,837,-,-,-
2014.06.03-13.58.08,63537400688025.4,838,-,-,-
2014.06.03-13.58.09,63537400689015.4,839,-,-,-
2014.06.03-13.58.10,63537400690005.5,840,-,-,-
2014.06.03-13.58.11,63537400691025.6,841,-,-,-
2014.06.03-13.58.12,63537400692015.6,842,-,-,-
2014.06.03-13.58.13,63537400693005.7,843,-,-,-
2014.06.03-13.58.14,63537400694025.7,844,-,-,-
2014.06.03-13.58.15,63537400695015.8,845,-,-,-
2014.06.03-13.58.16,63537400696005.8,846,-,-,-
2014.06.03-13.58.17,63537400697025.9,847,-,-,-
2014.06.03-13.58.18,63537400698016,848,-,-,-
2014.06.03-13.58.19,63537400699006,849,-,-,-
2014.06.03-13.58.20,63537400700026.1,850,-,-,-
2014.06.03-13.58.21,63537400701016.1,851,-,-,-
2014.06.03-13.58.22,63537400702006.2,852,-,-,-
2014.06.03-13.58.23,63537400703026.2,853,-,-,-
2014.06.03-13.58.24,63537400704016.3,854,-,-,-
2014.06.03-13.58.25,63537400705006.4,855,-,-,-
2014.06.03-13.58.26,63537400706026.4,856,-,-,-
2014.06.03-13.58.27,63537400707016.5,857,-,-,-
2014.06.03-13.58.28,63537400708006.5,858,-,-,-
2014.06.03-13.58.29,63537400709026.6,859,-,-,-
2014.06.03-13.58.30,63537400710016.6,860,-,-,-
2014.06.03-13.58.31,63537400711006.7,861,-,-,-
2014.06.03-13.58.32,63537400712026.7,862,-,-,-
2014.06.03-13.58.33,63537400713016.8,863,-,-,-
2014.06.03-13.58.34,63537400714007.9,864,-,-,-
2014.06.03-13.58.35,63537400715027.9,865,-,-,-
2014.06.03-13.58.36,63537400716018,866,-,-,-
2014.06.03-13.58.37,63537400717008,867,-,-,-
2014.06.03-13.58.38,63537400718028.1,868,-,-,-
2014.06.03-13.58.39,63537400719018.1,869,-,-,-
2014.06.03-13.58.40,63537400720008.2,870,-,-,-
2014.06.03-13.58.41,63537400721028.3,871,-,-,-
2014.06.03-13.58.42,63537400722018.3,872,-,-,-
2014.06.03-13.58.43,63537400723008.4,873,-,-,-
2014.06.03-13.58.44,63537400724028.4,874,-,-,-
2014.06.03-13.58.45,63537400725018.5,875,-,-,-
2014.06.03-13.58.46,63537400726008.5,876,-,-,-
2014.06.03-13.58.47,63537400727028.6,877,-,-,-
2014.06.03-13.58.48,63537400728018.7,878,-,-,-
2014.06.03-13.58.49,63537400729008.7,879,-,-,-
2014.06.03-13.58.50,63537400730028.8,880,-,-,-
2014.06.03-13.58.51,63537400731018.8,881,-,-,-
2014.06.03-13.58.52,63537400732008.9,882,-,-,-
2014.06.03-13.58.53,63537400733028.9,883,-,-,-
2014.06.03-13.58.54,63537400734019,884,-,-,-
2014.06.03-13.58.55,63537400735009.1,885,-,-,-
2014.06.03-13.58.56,63537400736029.1,886,-,-,-
2014.06.03-13.58.57,63537400737019.2,887,-,-,-
2014.06.03-13.58.58,63537400738009.2,888,-,-,-
2014.06.03-13.58.59,63537400739029.3,889,-,-,-
2014.06.03-13.59.00,63537400740019.3,890,-,-,-
2014.06.03-13.59.01,63537400741009.4,891,-,-,-
2014.06.03-13.59.02,63537400742029.5,892,-,-,-
2014.06.03-13.59.03,63537400743019.5,893,-,-,-
2014.06.03-13.59.04,63537400744009.6,894,-,-,-
2014.06.03-13.59.05,63537400745029.6,895,-,-,-
2014.06.03-13.59.06,63537400746019.7,896,-,-,-
2014.06.03-13.59.07,63537400747009.7,897,-,-,-
2014.06.03-13.59.08,63537400748029.8,898,-,-,-
2014.06.03-13.59.09,63537400749019.9,899,-,-,-
2014.06.03-13.59.10,63537400750009.9,900,-,-,-
2014.06.03-13.59.11,63537400751030,901,-,-,-
2014.06.03-13.59.12,63537400752020,902,-,-,-
2014.06.03-13.59.13,63537400753010.1,903,-,-,-
2014.06.03-13.59.14,63537400754000.1,904,-,-,-
2014.06.03-13.59.15,63537400755020.2,905,-,-,-
2014.06.03-13.59.16,63537400756010.3,906,-,-,-
2014.06.03-13.59.17,63537400757000.3,907,-,-,-
2014.06.03-13.59.18,63537400758020.4,908,-,-,-
2014.06.03-13.59.19,63537400759010.4,909,-,-,-
2014.06.03-13.59.20,63537400760000.5,910,-,-,-
2014.06.03-13.59.21,63537400761020.5,911,-,-,-
2014.06.03-13.59.22,63537400762010.6,912,-,-,-
2014.06.03-13.59.23,63537400763000.7,913,-,-,-
2014.06.03-13.59.24,63537400764020.7,914,-,-,-
2014.06.03-13.59.25,63537400765010.8,915,-,-,-
2014.06.03-13.59.26,63537400766000.8,916,-,-,-
2014.06.03-13.59.27,63537400767020.9,917,-,-,-
2014.06.03-13.59.28,63537400768010.9,918,-,-,-
2014.06.03-13.59.29,63537400769001,919,-,-,-
2014.06.03-13.59.30,63537400770021.1,920,-,-,-
2014.06.03-13.59.31,63537400771011.1,921,-,-,-
2014.06.03-13.59.32,63537400772001.2,922,-,-,-
2014.06.03-13.59.33,63537400773021.2,923,-,-,-
2014.06.03-13.59.34,63537400774011.3,924,-,-,-
2014.06.03-13.59.35,63537400775001.3,925,-,-,-
2014.06.03-13.59.36,63537400776021.4,926,-,-,-
2014.06.03-13.59.37,63537400777011.5,927,-,-,-
2014.06.03-13.59.38,63537400778001.5,928,-,-,-
2014.06.03-13.59.39,63537400779021.6,929,-,-,-
2014.06.03-13.59.40,63537400780011.6,930,-,-,-
2014.06.03-13.59.41,63537400781001.7,931,-,-,-
2014.06.03-13.59.42,63537400782021.8,932,-,-,-
2014.06.03-13.59.43,63537400783011.8,933,-,-,-
2014.06.03-13.59.44,63537400784001.9,934,-,-,-
2014.06.03-13.59.45,63537400785021.9,935,-,-,-
2014.06.03-13.59.46,63537400786012,936,-,-,-
2014.06.03-13.59.47,63537400787002,937,-,-,-
2014.06.03-13.59.48,63537400788022.1,938,-,-,-
2014.06.03-13.59.49,63537400789012.1,939,-,-,-
2014.06.03-13.59.50,63537400790002.2,940,-,-,-
2014.06.03-13.59.51,63537400791022.3,941,-,-,-
2014.06.03-13.59.52,63537400792012.3,942,-,-,-
2014.06.03-13.59.53,63537400793002.4,943,-,-,-
2014.06.03-13.59.54,63537400794022.4,944,-,-,-
2014.06.03-13.59.55,63537400795012.5,945,-,-,-
2014.06.03-13.59.56,63537400796002.5,946,-,-,-
2014.06.03-13.59.57,63537400797022.6,947,-,-,-
2014.06.03-13.59.58,63537400798012.7,948,-,-,-
2014.06.03-13.59.59,63537400799002.7,949,-,-,-
2014.06.03-14.00.00,63537400800022.8,950,-,-,-
2014.06.03-14.00.01,63537400801012.8,951,-,-,-
2014.06.03-14.00.02,63537400802002.9,952,-,-,-
2014.06.03-14.00.03,63537400803023,953,-,-,-
2014.06.03-14.00.04,63537400804013,954,-,-,-
2014.06.03-14.00.05,63537400805003.1,955,-,-,-
2014.06.03-14.00.06,63537400806023.1,956,-,-,-
2014.06.03-14.00.07,63537400807013.2,957,-,-,-
2014.06.03-14.00.08,63537400808003.2,958,-,-,-
2014.06.03-14.00.09,63537400809023.3,959,-,-,-
2014.06.03-14.00.10,63537400810013.4,960,-,-,-
2014.06.03-14.00.11,63537400811003.4,961,-,-,-
2014.06.03-14.00.12,63537400812023.5,962,-,-,-
2014.06.03-14.00.13,63537400813013.5,963,-,-,-
2014.06.03-14.00.14,63537400814003.6,964,-,-,-
2014.06.03-14.00.15,63537400815023.6,965,-,-,-
2014.06.03-14.00.16,63537400816013.7,966,-,-,-
2014.06.03-14.00.17,63537400817003.8,967,-,-,-
2014.06.03-14.00.18,63537400818023.8,968,-,-,-
2014.06.03-14.00.19,63537400819013.9,969,-,-,-
2014.06.03-14.00.20,63537400820003.9,970,-,-,-
2014.06.03-14.00.21,63537400821024,971,-,-,-
2014.06.03-14.00.22,63537400822014,972,-,-,-
2014.06.03-14.00.23,63537400823004.1,973,-,-,-
2014.06.03-14.00.24,63537400824024.2,974,-,-,-
2014.06.03-14.00.25,63537400825014.2,975,-,-,-
2014.06.03-14.00.26,63537400826004.3,976,-,-,-
2014.06.03-14.00.27,63537400827024.3,977,-,-,-
2014.06.03-14.00.28,63537400828014.4,978,-,-,-
2014.06.03-14.00.29,63537400829004.4,979,-,-,-
2014.06.03-14.00.30,63537400830024.5,980,-,-,-
2014.06.03-14.00.31,63537400831014.6,981,-,-,-
2014.06.03-14.00.32,63537400832004.6,982,-,-,-
2014.06.03-14.00.33,63537400833024.7,983,-,-,-
2014.06.03-14.00.34,63537400834014.7,984,-,-,-
2014.06.03-14.00.35,63537400835004.8,985,-,-,-
2014.06.03-14.00.36,63537400836024.8,986,-,-,-
2014.06.03-14.00.37,63537400837014.9,987,-,-,-
2014.06.03-14.00.38,63537400838005,988,-,-,-
2014.06.03-14.00.39,63537400839025,989,-,-,-
2014.06.03-14.00.40,63537400840015.1,990,-,-,-
2014.06.03-14.00.41,63537400841005.1,991,-,-,-
2014.06.03-14.00.42,63537400842025.2,992,-,-,-
2014.06.03-14.00.43,63537400843015.2,993,-,-,-
2014.06.03-14.00.44,63537400844005.3,994,-,-,-
2014.06.03-14.00.45,63537400845025.4,995,-,-,-
2014.06.03-14.00.46,63537400846015.4,996,-,-,-
2014.06.03-14.00.47,63537400847005.5,997,-,-,-
2014.06.03-14.00.48,63537400848025.5,998,-,-,-
2014.06.03-14.00.49,63537400849015.6,999,-,-,-
2014.06.03-14.00.50,63537400850005.6,1000,-,-,-
2014.06.03-14.00.51,63537400851025.7,1001,-,-,-
2014.06.03-14.00.52,63537400852015.8,1002,-,-,-
2014.06.03-14.00.53,63537400853005.8,1003,-,-,-
2014.06.03-14.00.54,63537400854025.9,1004,-,-,-
2014.06.03-14.00.55,63537400855015.9,1005,-,-,-
2014.06.03-14.00.56,63537400856006,1006,-,-,-
2014.06.03-14.00.57,63537400857026,1007,-,-,-
2014.06.03-14.00.58,63537400858016.1,1008,-,-,-
2014.06.03-14.00.59,63537400859006.2,1009,-,-,-
2014.06.03-14.01.00,63537400860026.2,1010,-,-,-
2014.06.03-14.01.01,63537400861016.3,1011,-,-,-
2014.06.03-14.01.02,63537400862006.3,1012,-,-,-
2014.06.03-14.01.03,63537400863026.4,1013,-,-,-
2014.06.03-14.01.04,63537400864016.4,1014,-,-,-
2014.06.03-14.01.05,63537400865006.5,1015,-,-,-
2014.06.03-14.01.06,63537400866026.5,1016,-,-,-
2014.06.03-14.01.07,63537400867016.6,1017,-,-,-
2014.06.03-14.01.08,63537400868006.7,1018,-,-,-
2014.06.03-14.01.09,63537400869026.7,1019,-,-,-
2014.06.03-14.01.10,63537400870016.8,1020,-,-,-
2014.06.03-14.01.11,63537400871008.8,1021,-,-,-
2014.06.03-14.01.12,63537400872028.9,1022,-,-,-
2014.06.03-14.01.13,63537400873019,1023,-,-,-
2014.06.03-14.01.14,63537400874009,1024,-,-,-
2014.06.03-14.01.15,63537400875029.1,1025,-,-,-
2014.06.03-14.01.16,63537400876019.1,1026,-,-,-
2014.06.03-14.01.17,63537400877009.2,1027,-,-,-
2014.06.03-14.01.18,63537400878029.2,1028,-,-,-
2014.06.03-14.01.19,63537400879019.3,1029,-,-,-
2014.06.03-14.01.20,63537400880009.4,1030,-,-,-
2014.06.03-14.01.21,63537400881029.4,1031,-,-,-
2014.06.03-14.01.22,63537400882019.5,1032,-,-,-
2014.06.03-14.01.23,63537400883009.5,1033,-,-,-
2014.06.03-14.01.24,63537400884029.6,1034,-,-,-
2014.06.03-14.01.25,63537400885019.6,1035,-,-,-
2014.06.03-14.01.26,63537400886009.7,1036,-,-,-
2014.06.03-14.01.27,63537400887029.8,1037,-,-,-
2014.06.03-14.01.28,63537400888019.8,1038,-,-,-
2014.06.03-14.01.29,63537400889009.9,1039,-,-,-
2014.06.03-14.01.30,63537400890029.9,1040,-,-,-
2014.06.03-14.01.31,63537400891020,1041,-,-,-
2014.06.03-14.01.32,63537400892010,1042,-,-,-
2014.06.03-14.01.33,63537400893000.1,1043,-,-,-
2014.06.03-14.01.34,63537400894020.1,1044,-,-,-
2014.06.03-14.01.35,63537400895010.2,1045,-,-,-
2014.06.03-14.01.36,63537400896000.3,1046,-,-,-
2014.06.03-14.01.37,63537400897020.3,1047,-,-,-
2014.06.03-14.01.38,63537400898010.4,1048,-,-,-
2014.06.03-14.01.39,63537400899000.4,1049,-,-,-
2014.06.03-14.01.40,63537400900020.5,1050,-,-,-
2014.06.03-14.01.41,63537400901010.5,1051,-,-,-
2014.06.03-14.01.42,63537400902000.6,1052,-,-,-
2014.06.03-14.01.43,63537400903020.7,1053,-,-,-
2014.06.03-14.01.44,63537400904010.7,1054,-,-,-
2014.06.03-14.01.45,63537400905000.8,1055,-,-,-
2014.06.03-14.01.46,63537400906020.8,1056,-,-,-
2014.06.03-14.01.47,63537400907010.9,1057,-,-,-
2014.06.03-14.01.48,63537400908001,1058,-,-,-
2014.06.03-14.01.49,63537400909021,1059,-,-,-
2014.06.03-14.01.50,63537400910011.1,1060,-,-,-
2014.06.03-14.01.51,63537400911001.1,1061,-,-,-
2014.06.03-14.01.52,63537400912021.2,1062,-,-,-
2014.06.03-14.01.53,63537400913011.2,1063,-,-,-
2014.06.03-14.01.54,63537400914001.3,1064,-,-,-
2014.06.03-14.01.55,63537400915021.4,1065,-,-,-
2014.06.03-14.01.56,63537400916011.4,1066,-,-,-
2014.06.03-14.01.57,63537400917001.5,1067,-,-,-
2014.06.03-14.01.58,63537400918021.5,1068,-,-,-
2014.06.03-14.01.59,63537400919011.6,1069,-,-,-
2014.06.03-14.02.00,63537400920001.6,1070,-,-,-
2014.06.03-14.02.01,63537400921021.7,1071,-,-,-
2014.06.03-14.02.02,63537400922011.8,1072,-,-,-
2014.06.03-14.02.03,63537400923001.8,1073,-,-,-
2014.06.03-14.02.04,63537400924021.9,1074,-,-,-
2014.06.03-14.02.05,63537400925011.9,1075,-,-,-
2014.06.03-14.02.06,63537400926002,1076,-,-,-
2014.06.03-14.02.07,63537400927022,1077,-,-,-
2014.06.03-14.02.08,63537400928012.1,1078,-,-,-
2014.06.03-14.02.09,63537400929002.2,1079,-,-,-
2014.06.03-14.02.10,63537400930022.2,1080,-,-,-
2014.06.03-14.02.11,63537400931012.3,1081,-,-,-
2014.06.03-14.02.12,63537400932002.3,1082,-,-,-
2014.06.03-14.02.13,63537400933022.4,1083,-,-,-
2014.06.03-14.02.14,63537400934012.4,1084,-,-,-
2014.06.03-14.02.15,63537400935002.5,1085,-,-,-
2014.06.03-14.02.16,63537400936022.6,1086,-,-,-
2014.06.03-14.02.17,63537400937012.6,1087,-,-,-
2014.06.03-14.02.18,63537400938002.7,1088,-,-,-
2014.06.03-14.02.19,63537400939022.7,1089,-,-,-
2014.06.03-14.02.20,63537400940012.8,1090,-,-,-
2014.06.03-14.02.21,63537400941002.8,1091,-,-,-
2014.06.03-14.02.22,63537400942022.9,1092,-,-,-
2014.06.03-14.02.23,63537400943013,1093,-,-,-
2014.06.03-14.02.24,63537400944003,1094,-,-,-
2014.06.03-14.02.25,63537400945022.1,1095,-,-,-
2014.06.03-14.02.26,63537400946012.1,1096,-,-,-
2014.06.03-14.02.27,63537400947002.2,1097,-,-,-
2014.06.03-14.02.28,63537400948022.3,1098,-,-,-
2014.06.03-14.02.29,63537400949012.3,1099,-,-,-
2014.06.03-14.02.30,63537400950002.4,1100,-,-,-
2014.06.03-14.02.31,63537400951022.4,1101,-,-,-
2014.06.03-14.02.32,63537400952012.5,1102,-,-,-
2014.06.03-14.02.33,63537400953002.5,1103,-,-,-
2014.06.03-14.02.34,63537400954022.6,1104,-,-,-
2014.06.03-14.02.35,63537400955012.6,1105,-,-,-
2014.06.03-14.02.36,63537400956002.7,1106,-,-,-
2014.06.03-14.02.37,63537400957022.8,1107,-,-,-
2014.06.03-14.02.38,63537400958012.8,1108,-,-,-
2014.06.03-14.02.39,63537400959002.9,1109,-,-,-
2014.06.03-14.02.40,63537400960022.9,1110,-,-,-
2014.06.03-14.02.41,63537400961013,1111,-,-,-
2014.06.03-14.02.42,63537400962003,1112,-,-,-
2014.06.03-14.02.43,63537400963023.1,1113,-,-,-
2014.06.03-14.02.44,63537400964013.2,1114,-,-,-
2014.06.03-14.02.45,63537400965003.2,1115,-,-,-
2014.06.03-14.02.46,63537400966023.3,1116,-,-,-
2014.06.03-14.02.47,63537400967013.3,1117,-,-,-
2014.06.03-14.02.48,63537400968003.4,1118,-,-,-
2014.06.03-14.02.49,63537400969023.5,1119,-,-,-
2014.06.03-14.02.50,63537400970013.5,1120,-,-,-
2014.06.03-14.02.51,63537400971003.6,1121,-,-,-
2014.06.03-14.02.52,63537400972023.6,1122,-,-,-
2014.06.03-14.02.53,63537400973013.7,1123,-,-,-
2014.06.03-14.02.54,63537400974003.7,1124,-,-,-
2014.06.03-14.02.55,63537400975023.8,1125,-,-,-
2014.06.03-14.02.56,63537400976013.9,1126,-,-,-
2014.06.03-14.02.57,63537400977003.9,1127,-,-,-
2014.06.03-14.02.58,63537400978024,1128,-,-,-
2014.06.03-14.02.59,63537400979014,1129,-,-,-
2014.06.03-14.03.00,63537400980004.1,1130,-,-,-
2014.06.03-14.03.01,63537400981024.1,1131,-,-,-
2014.06.03-14.03.02,63537400982014.2,1132,-,-,-
2014.06.03-14.03.03,63537400983004.2,1133,-,-,-
2014.06.03-14.03.04,63537400984024.3,1134,-,-,-
2014.06.03-14.03.05,63537400985014.4,1135,-,-,-
2014.06.03-14.03.06,63537400986004.4,1136,-,-,-
2014.06.03-14.03.07,63537400987024.5,1137,-,-,-
2014.06.03-14.03.08,63537400988014.5,1138,-,-,-
2014.06.03-14.03.09,63537400989004.6,1139,-,-,-
2014.06.03-14.03.10,63537400990024.6,1140,-,-,-
2014.06.03-14.03.11,63537400991014.7,1141,-,-,-
2014.06.03-14.03.12,63537400992004.8,1142,-,-,-
2014.06.03-14.03.13,63537400993024.8,1143,-,-,-
2014.06.03-14.03.14,63537400994014.9,1144,-,-,-
2014.06.03-14.03.15,63537400995004.9,1145,-,-,-
2014.06.03-14.03.16,63537400996025,1146,-,-,-
2014.06.03-14.03.17,63537400997015,1147,-,-,-
2014.06.03-14.03.18,63537400998005.1,1148,-,-,-
2014.06.03-14.03.19,63537400999025.2,1149,-,-,-
2014.06.03-14.03.20,63537401000015.2,1150,-,-,-
2014.06.03-14.03.21,63537401001005.3,1151,-,-,-
2014.06.03-14.03.22,63537401002025.3,1152,-,-,-
2014.06.03-14.03.23,63537401003015.4,1153,-,-,-
2014.06.03-14.03.24,63537401004005.4,1154,-,-,-
2014.06.03-14.03.25,63537401005025.5,1155,-,-,-
2014.06.03-14.03.26,63537401006015.6,1156,-,-,-
2014.06.03-14.03.27,63537401007005.6,1157,-,-,-
2014.06.03-14.03.28,63537401008025.7,1158,-,-,-
2014.06.03-14.03.29,63537401009015.7,1159,-,-,-
2014.06.03-14.03.30,63537401010005.8,1160,-,-,-
2014.06.03-14.03.31,63537401011025.8,1161,-,-,-
2014.06.03-14.03.32,63537401012015.9,1162,-,-,-
2014.06.03-14.03.33,63537401013006,1163,-,-,-
2014.06.03-14.03.34,63537401014026,1164,-,-,-
2014.06.03-14.03.35,63537401015016.1,1165,-,-,-
2014.06.03-14.03.36,63537401016006.1,1166,-,-,-
2014.06.03-14.03.37,63537401017026.2,1167,-,-,-
2014.06.03-14.03.38,63537401018016.3,1168,-,-,-
2014.06.03-14.03.39,63537401019006.3,1169,-,-,-
2014.06.03-14.03.40,63537401020026.4,1170,-,-,-
2014.06.03-14.03.41,63537401021016.4,1171,-,-,-
2014.06.03-14.03.42,63537401022006.5,1172,-,-,-
2014.06.03-14.03.43,63537401023026.5,1173,-,-,-
2014.06.03-14.03.44,63537401024016.6,1174,-,-,-
2014.06.03-14.03.45,63537401025006.6,1175,-,-,-
2014.06.03-14.03.46,63537401026026.7,1176,-,-,-
2014.06.03-14.03.47,63537401027016.8,1177,-,-,-
2014.06.03-14.03.48,63537401028006.8,1178,-,-,-
2014.06.03-14.03.49,63537401029026.9,1179,-,-,-
2014.06.03-14.03.50,63537401030016.9,1180,-,-,-
2014.06.03-14.03.51,63537401031007,1181,-,-,-
2014.06.03-14.03.52,63537401032027,1182,-,-,-
2014.06.03-14.03.53,63537401033017.1,1183,-,-,-
2014.06.03-14.03.54,63537401034007.2,1184,-,-,-
2014.06.03-14.03.55,63537401035027.2,1185,-,-,-
2014.06.03-14.03.56,63537401036017.3,1186,-,-,-
2014.06.03-14.03.57,63537401037007.3,1187,-,-,-
2014.06.03-14.03.58,63537401038027.4,1188,-,-,-
2014.06.03-14.03.59,63537401039017.5,1189,-,-,-
2014.06.03-14.04.00,63537401040007.5,1190,-,-,-
2014.06.03-14.04.01,63537401041027.6,1191,-,-,-
2014.06.03-14.04.02,63537401042017.6,1192,-,-,-
2014.06.03-14.04.03,63537401043007.7,1193,-,-,-
2014.06.03-14.04.04,63537401044027.7,1194,-,-,-
2014.06.03-14.04.05,63537401045017.8,1195,-,-,-
2014.06.03-14.04.06,63537401046007.9,1196,-,-,-
2014.06.03-14.04.07,63537401047027.9,1197,-,-,-
2014.06.03-14.04.08,63537401048018,1198,-,-,-
2014.06.03-14.04.09,63537401049008,1199,-,-,-
2014.06.03-14.04.10,63537401050028.1,1200,-,-,-
2014.06.03-14.04.11,63537401051017.1,1201,-,-,-
2014.06.03-14.04.12,63537401052007.2,1202,-,-,-
2014.06.03-14.04.13,63537401053027.3,1203,-,-,-
2014.06.03-14.04.14,63537401054017.3,1204,-,-,-
2014.06.03-14.04.15,63537401055007.4,1205,-,-,-
2014.06.03-14.04.16,63537401056027.4,1206,-,-,-
2014.06.03-14.04.17,63537401057017.5,1207,-,-,-
2014.06.03-14.04.18,63537401058007.5,1208,-,-,-
2014.06.03-14.04.19,63537401059027.6,1209,-,-,-
2014.06.03-14.04.20,63537401060017.7,1210,-,-,-
2014.06.03-14.04.21,63537401061007.7,1211,-,-,-
2014.06.03-14.04.22,63537401062027.8,1212,-,-,-
2014.06.03-14.04.23,63537401063017.8,1213,-,-,-
2014.06.03-14.04.24,63537401064007.9,1214,-,-,-
2014.06.03-14.04.25,63537401065027.9,1215,-,-,-
2014.06.03-14.04.26,63537401066018,1216,-,-,-
2014.06.03-14.04.27,63537401067008.1,1217,-,-,-
2014.06.03-14.04.28,63537401068028.1,1218,-,-,-
2014.06.03-14.04.29,63537401069018.2,1219,-,-,-
2014.06.03-14.04.30,63537401070008.2,1220,-,-,-
2014.06.03-14.04.31,63537401071028.3,1221,-,-,-
2014.06.03-14.04.32,63537401072018.3,1222,-,-,-
2014.06.03-14.04.33,63537401073008.4,1223,-,-,-
2014.06.03-14.04.34,63537401074028.5,1224,-,-,-
2014.06.03-14.04.35,63537401075018.5,1225,-,-,-
2014.06.03-14.04.36,63537401076008.6,1226,-,-,-
2014.06.03-14.04.37,63537401077028.6,1227,-,-,-
2014.06.03-14.04.38,63537401078018.7,1228,-,-,-
2014.06.03-14.04.39,63537401079008.7,1229,-,-,-
2014.06.03-14.04.40,63537401080028.8,1230,-,-,-
2014.06.03-14.04.41,63537401081018.9,1231,-,-,-
2014.06.03-14.04.42,63537401082008.9,1232,-,-,-
2014.06.03-14.04.43,63537401083029,1233,-,-,-
2014.06.03-14.04.44,63537401084019,1234,-,-,-
2014.06.03-14.04.45,63537401085009.1,1235,-,-,-
2014.06.03-14.04.46,63537401086029.1,1236,-,-,-
2014.06.03-14.04.47,63537401087019.2,1237,-,-,-
2014.06.03-14.04.48,63537401088009.3,1238,-,-,-
2014.06.03-14.04.49,63537401089029.3,1239,-,-,-
2014.06.03-14.04.50,63537401090019.4,1240,-,-,-
2014.06.03-14.04.51,63537401091009.4,1241,-,-,-
2014.06.03-14.04.52,63537401092029.5,1242,-,-,-
2014.06.03-14.04.53,63537401093019.5,1243,-,-,-
2014.06.03-14.04.54,63537401094009.6,1244,-,-,-
2014.06.03-14.04.55,63537401095029.6,1245,-,-,-
2014.06.03-14.04.56,63537401096019.7,1246,-,-,-
2014.06.03-14.04.57,63537401097009.8,1247,-,-,-
2014.06.03-14.04.58,63537401098029.8,1248,-,-,-
2014.06.03-14.04.59,63537401099019.9,1249,-,-,-
2014.06.03-14.05.00,63537401100009.9,1250,-,-,-
2014.06.03-14.05.01,63537401101030,1251,-,-,-
2014.06.03-14.05.02,63537401102020,1252,-,-,-
2014.06.03-14.05.03,63537401103010.1,1253,-,-,-
2014.06.03-14.05.04,63537401104000.2,1254,-,-,-
2014.06.03-14.05.05,63537401105020.2,1255,-,-,-
2014.06.03-14.05.06,63537401106010.3,1256,-,-,-
2014.06.03-14.05.07,63537401107000.3,1257,-,-,-
2014.06.03-14.05.08,63537401108020.4,1258,-,-,-
2014.06.03-14.05.09,63537401109010.4,1259,-,-,-
2014.06.03-14.05.10,63537401110000.5,1260,-,-,-
2014.06.03-14.05.11,63537401111020.6,1261,-,-,-
2014.06.03-14.05.12,63537401112010.6,1262,-,-,-
2014.06.03-14.05.13,63537401113000.7,1263,-,-,-
2014.06.03-14.05.14,63537401114020.7,1264,-,-,-
2014.06.03-14.05.15,63537401115010.8,1265,-,-,-
2014.06.03-14.05.16,63537401116014.9,1266,-,-,-
2014.06.03-14.05.17,63537401117004.9,1267,-,-,-
2014.06.03-14.05.18,63537401118025,1268,-,-,-
2014.06.03-14.05.19,63537401119015,1269,-,-,-
2014.06.03-14.05.20,63537401120005.1,1270,-,-,-
2014.06.03-14.05.21,63537401121025.1,1271,-,-,-
2014.06.03-14.05.22,63537401122015.2,1272,-,-,-
2014.06.03-14.05.23,63537401123009.3,1273,-,-,-
2014.06.03-14.05.24,63537401124029.3,1274,-,-,-
2014.06.03-14.05.25,63537401125019.4,1275,-,-,-
2014.06.03-14.05.26,63537401126009.4,1276,-,-,-
2014.06.03-14.05.27,63537401127029.5,1277,-,-,-
2014.06.03-14.05.28,63537401128019.5,1278,-,-,-
2014.06.03-14.05.29,63537401129009.6,1279,-,-,-
2014.06.03-14.05.30,63537401130029.7,1280,-,-,-
2014.06.03-14.05.31,63537401131019.7,1281,-,-,-
2014.06.03-14.05.32,63537401132009.8,1282,-,-,-
2014.06.03-14.05.33,63537401133029.8,1283,-,-,-
2014.06.03-14.05.34,63537401134019.9,1284,-,-,-
2014.06.03-14.05.35,63537401135009.9,1285,-,-,-
2014.06.03-14.05.36,63537401136030,1286,-,-,-
2014.06.03-14.05.37,63537401137020.1,1287,-,-,-
2014.06.03-14.05.38,63537401138010.1,1288,-,-,-
2014.06.03-14.05.39,63537401139000.2,1289,-,-,-
2014.06.03-14.05.40,63537401140020.2,1290,-,-,-
2014.06.03-14.05.41,63537401141010.3,1291,-,-,-
2014.06.03-14.05.42,63537401142000.3,1292,-,-,-
2014.06.03-14.05.43,63537401143020.4,1293,-,-,-
2014.06.03-14.05.44,63537401144010.5,1294,-,-,-
2014.06.03-14.05.45,63537401145000.5,1295,-,-,-
2014.06.03-14.05.46,63537401146020.6,1296,-,-,-
2014.06.03-14.05.47,63537401147010.6,1297,-,-,-
2014.06.03-14.05.48,63537401148000.7,1298,-,-,-
2014.06.03-14.05.49,63537401149020.7,1299,-,-,-
2014.06.03-14.05.50,63537401150010.8,1300,-,-,-
2014.06.03-14.05.51,63537401151000.9,1301,-,-,-
2014.06.03-14.05.52,63537401152020.9,1302,-,-,-
2014.06.03-14.05.53,63537401153011,1303,-,-,-
2014.06.03-14.05.54,63537401154001,1304,-,-,-
2014.06.03-14.05.55,63537401155021.1,1305,-,-,-
2014.06.03-14.05.56,63537401156013.1,1306,-,-,-
2014.06.03-14.05.57,63537401157003.2,1307,-,-,-
2014.06.03-14.05.58,63537401158023.3,1308,-,-,-
2014.06.03-14.05.59,63537401159013.3,1309,-,-,-
2014.06.03-14.06.00,63537401160003.4,1310,-,-,-
2014.06.03-14.06.01,63537401161023.4,1311,-,-,-
2014.06.03-14.06.02,63537401162013.5,1312,-,-,-
2014.06.03-14.06.03,63537401163003.5,1313,-,-,-
2014.06.03-14.06.04,63537401164023.6,1314,-,-,-
2014.06.03-14.06.05,63537401165013.7,1315,-,-,-
2014.06.03-14.06.06,63537401166003.7,1316,-,-,-
2014.06.03-14.06.07,63537401167023.8,1317,-,-,-
2014.06.03-14.06.08,63537401168013.8,1318,-,-,-
2014.06.03-14.06.09,63537401169003.9,1319,-,-,-
2014.06.03-14.06.10,63537401170023.9,1320,-,-,-
2014.06.03-14.06.11,63537401171014,1321,-,-,-
2014.06.03-14.06.12,63537401172004.1,1322,-,-,-
2014.06.03-14.06.13,63537401173024.1,1323,-,-,-
2014.06.03-14.06.14,63537401174014.2,1324,-,-,-
2014.06.03-14.06.15,63537401175004.2,1325,-,-,-
2014.06.03-14.06.16,63537401176024.3,1326,-,-,-
2014.06.03-14.06.17,63537401177014.3,1327,-,-,-
2014.06.03-14.06.18,63537401178004.4,1328,-,-,-
2014.06.03-14.06.19,63537401179024.5,1329,-,-,-
2014.06.03-14.06.20,63537401180014.5,1330,-,-,-
2014.06.03-14.06.21,63537401181004.6,1331,-,-,-
2014.06.03-14.06.22,63537401182024.6,1332,-,-,-
2014.06.03-14.06.23,63537401183014.7,1333,-,-,-
2014.06.03-14.06.24,63537401184004.7,1334,-,-,-
2014.06.03-14.06.25,63537401185024.8,1335,-,-,-
2014.06.03-14.06.26,63537401186014.9,1336,-,-,-
2014.06.03-14.06.27,63537401187004.9,1337,-,-,-
2014.06.03-14.06.28,63537401188025,1338,-,-,-
2014.06.03-14.06.29,63537401189015,1339,-,-,-
2014.06.03-14.06.30,63537401190005.1,1340,-,-,-
2014.06.03-14.06.31,63537401191025.1,1341,-,-,-
2014.06.03-14.06.32,63537401192015.2,1342,-,-,-
2014.06.03-14.06.33,63537401193005.3,1343,-,-,-
2014.06.03-14.06.34,63537401194025.3,1344,-,-,-
2014.06.03-14.06.35,63537401195015.4,1345,-,-,-
2014.06.03-14.06.36,63537401196005.4,1346,-,-,-
2014.06.03-14.06.37,63537401197025.5,1347,-,-,-
2014.06.03-14.06.38,63537401198015.5,1348,-,-,-
2014.06.03-14.06.39,63537401199005.6,1349,-,-,-
2014.06.03-14.06.40,63537401200025.7,1350,-,-,-
2014.06.03-14.06.41,63537401201015.7,1351,-,-,-
2014.06.03-14.06.42,63537401202005.8,1352,-,-,-
2014.06.03-14.06.43,63537401203025.8,1353,-,-,-
2014.06.03-14.06.44,63537401204015.9,1354,-,-,-
2014.06.03-14.06.45,63537401205005.9,1355,-,-,-
2014.06.03-14.06.46,63537401206026,1356,-,-,-
2014.06.03-14.06.47,63537401207016.1,1357,-,-,-
2014.06.03-14.06.48,63537401208006.1,1358,-,-,-
2014.06.03-14.06.49,63537401209026.2,1359,-,-,-
2014.06.03-14.06.50,63537401210016.2,1360,-,-,-
2014.06.03-14.06.51,63537401211006.3,1361,-,-,-
2014.06.03-14.06.52,63537401212026.3,1362,-,-,-
2014.06.03-14.06.53,63537401213016.4,1363,-,-,-
2014.06.03-14.06.54,63537401214006.5,1364,-,-,-
2014.06.03-14.06.55,63537401215026.5,1365,-,-,-
2014.06.03-14.06.56,63537401216016.6,1366,-,-,-
2014.06.03-14.06.57,63537401217006.6,1367,-,-,-
2014.06.03-14.06.58,63537401218026.7,1368,-,-,-
2014.06.03-14.06.59,63537401219016.7,1369,-,-,-
2014.06.03-14.07.00,63537401220006.8,1370,-,-,-
2014.06.03-14.07.01,63537401221026.9,1371,-,-,-
2014.06.03-14.07.02,63537401222016.9,1372,-,-,-
2014.06.03-14.07.03,63537401223007,1373,-,-,-
2014.06.03-14.07.04,63537401224027,1374,-,-,-
2014.06.03-14.07.05,63537401225017.1,1375,-,-,-
2014.06.03-14.07.06,63537401226007.1,1376,-,-,-
2014.06.03-14.07.07,63537401227027.2,1377,-,-,-
2014.06.03-14.07.08,63537401228017.3,1378,-,-,-
2014.06.03-14.07.09,63537401229007.3,1379,-,-,-
2014.06.03-14.07.10,63537401230027.4,1380,-,-,-
2014.06.03-14.07.11,63537401231017.4,1381,-,-,-
2014.06.03-14.07.12,63537401232007.5,1382,-,-,-
2014.06.03-14.07.13,63537401233027.5,1383,-,-,-
2014.06.03-14.07.14,63537401234017.6,1384,-,-,-
2014.06.03-14.07.15,63537401235007.7,1385,-,-,-
2014.06.03-14.07.16,63537401236027.7,1386,-,-,-
2014.06.03-14.07.17,63537401237017.8,1387,-,-,-
2014.06.03-14.07.18,63537401238007.8,1388,-,-,-
2014.06.03-14.07.19,63537401239027.9,1389,-,-,-
2014.06.03-14.07.20,63537401240017.9,1390,-,-,-
2014.06.03-14.07.21,63537401241008,1391,-,-,-
2014.06.03-14.07.22,63537401242028.1,1392,-,-,-
2014.06.03-14.07.23,63537401243018.1,1393,-,-,-
2014.06.03-14.07.24,63537401244008.2,1394,-,-,-
2014.06.03-14.07.25,63537401245028.2,1395,-,-,-
2014.06.03-14.07.26,63537401246018.3,1396,-,-,-
2014.06.03-14.07.27,63537401247008.4,1397,-,-,-
2014.06.03-14.07.28,63537401248028.4,1398,-,-,-
2014.06.03-14.07.29,63537401249018.5,1399,-,-,-
2014.06.03-14.07.30,63537401250008.5,1400,-,-,-
2014.06.03-14.07.31,63537401251028.6,1401,-,-,-
2014.06.03-14.07.32,63537401252018.6,1402,-,-,-
2014.06.03-14.07.33,63537401253008.7,1403,-,-,-
2014.06.03-14.07.34,63537401254028.8,1404,-,-,-
2014.06.03-14.07.35,63537401255018.8,1405,-,-,-
2014.06.03-14.07.36,63537401256008.9,1406,-,-,-
2014.06.03-14.07.37,63537401257028.9,1407,-,-,-
2014.06.03-14.07.38,63537401258019,1408,-,-,-
2014.06.03-14.07.39,63537401259009,1409,-,-,-
2014.06.03-14.07.40,63537401260029.1,1410,-,-,-
2014.06.03-14.07.41,63537401261019.1,1411,-,-,-
2014.06.03-14.07.42,63537401262009.2,1412,-,-,-
2014.06.03-14.07.43,63537401263029.3,1413,-,-,-
2014.06.03-14.07.44,63537401264019.3,1414,-,-,-
2014.06.03-14.07.45,63537401265009.4,1415,-,-,-
2014.06.03-14.07.46,63537401266029.4,1416,-,-,-
2014.06.03-14.07.47,63537401267019.5,1417,-,-,-
2014.06.03-14.07.48,63537401268009.6,1418,-,-,-
