Timestamp,SFPS,FT,CFPS,d5311a06-bff1-47c8-a90c-249d16615177
2014.05.10-17.32.34,55,18.19384,0
2014.05.10-17.32.35,55,18.19384,0
2014.05.10-17.32.36,55,18.19384,0
2014.05.10-17.32.37,55,18.19384,0
2014.05.10-17.32.38,55,18.19384,0
2014.05.10-17.32.39,55,18.19384,0
2014.05.10-17.32.40,54,18.1942,0
2014.05.10-17.32.41,54,18.1942,0
2014.05.10-17.32.42,54,18.1942,0
2014.05.10-17.32.43,55,18.19984,11
2014.05.10-17.32.44,55,18.19984,15
2014.05.10-17.32.45,55,18.19984,43
2014.05.10-17.32.46,55,18.20585,62
2014.05.10-17.32.47,55,18.20585,10
2014.05.10-17.32.48,55,18.20585,19
2014.05.10-17.32.49,54,18.20658,67
2014.05.10-17.32.50,54,18.20658,36
2014.05.10-17.32.51,54,18.20658,14
2014.05.10-17.32.52,55,18.18783,34
2014.05.10-17.32.53,55,18.18783,74
2014.05.10-17.32.54,55,18.18783,10
2014.05.10-17.32.55,55,19.04104,16
2014.05.10-17.32.56,55,19.04104,59
2014.05.10-17.32.57,55,19.04104,47
2014.05.10-17.32.58,54,18.1942,12
2014.05.10-17.32.59,54,18.1942,18
2014.05.10-17.33.00,54,18.1942,76
2014.05.10-17.33.01,55,18.18182,0
2014.05.10-17.33.02,55,18.18182,26
2014.05.10-17.33.03,55,18.18182,15
2014.05.10-17.33.04,55,18.18783,47
2014.05.10-17.33.05,55,18.18783,60
2014.05.10-17.33.06,55,18.18783,11
2014.05.10-17.33.07,55,18.19984,19
2014.05.10-17.33.08,55,18.19984,73
2014.05.10-17.33.09,55,18.19984,30
2014.05.10-17.33.10,54,18.20039,14
2014.05.10-17.33.11,54,18.20039,39
2014.05.10-17.33.12,54,18.20039,69
2014.05.10-17.33.13,55,18.18182,11
2014.05.10-17.33.14,55,18.18182,19
2014.05.10-17.33.15,55,18.18182,69
2014.05.10-17.33.16,55,18.19384,35
2014.05.10-17.33.17,55,18.19384,14
2014.05.10-17.33.18,55,18.19384,41
2014.05.10-17.33.19,54,18.18801,68
2014.05.10-17.33.20,54,18.18801,10
2014.05.10-17.33.21,54,18.18801,19
2014.05.10-17.33.22,55,18.18182,71
2014.05.10-17.33.23,55,18.18182,33
2014.05.10-17.33.24,55,18.18182,14
2014.05.10-17.33.25,55,18.19384,40
2014.05.10-17.33.26,55,18.19384,0
2014.05.10-17.33.27,55,18.19384,69
2014.05.10-17.33.28,54,18.21277,11
2014.05.10-17.33.29,54,18.21277,19
2014.05.10-17.33.30,54,18.21277,77
2014.05.10-17.33.31,55,18.18783,27
2014.05.10-17.33.32,55,18.18783,15
2014.05.10-17.33.33,55,18.18783,48
2014.05.10-17.33.34,55,18.19384,60
2014.05.10-17.33.35,55,18.19384,11
2014.05.10-17.33.36,55,18.19384,19
2014.05.10-17.33.37,54,18.18801,79
2014.05.10-17.33.38,54,18.18801,24
2014.05.10-17.33.39,54,18.18801,15
2014.05.10-17.33.40,55,18.18783,50
2014.05.10-17.33.41,55,18.18783,58
2014.05.10-17.33.42,55,18.18783,11
2014.05.10-17.33.43,55,18.21787,19
2014.05.10-17.33.44,55,18.21787,82
2014.05.10-17.33.45,55,18.21787,22
2014.05.10-17.33.46,54,18.18182,16
2014.05.10-17.33.47,54,18.18182,58
2014.05.10-17.33.48,54,18.18182,50
2014.05.10-17.33.49,55,18.18783,13
2014.05.10-17.33.50,55,18.18783,27
2014.05.10-17.33.51,55,18.18783,82
2014.05.10-17.33.52,55,18.19384,11
2014.05.10-17.33.53,55,18.19384,16
2014.05.10-17.33.54,55,18.19384,65
2014.05.10-17.33.55,55,18.18182,43
2014.05.10-17.33.56,55,18.18182,14
2014.05.10-17.33.57,55,18.18182,38
2014.05.10-17.33.58,54,18.1942,72
2014.05.10-17.33.59,54,18.1942,0
2014.05.10-17.34.00,54,18.1942,11
2014.05.10-17.34.01,55,18.19984,19
2014.05.10-17.34.02,55,18.19984,0
2014.05.10-17.34.03,55,18.19984,25
2014.05.10-17.34.04,55,18.18182,15
2014.05.10-17.34.05,55,18.18182,52
2014.05.10-17.34.06,55,18.18182,57
2014.05.10-17.34.07,54,18.18182,12
2014.05.10-17.34.08,54,18.18182,20
2014.05.10-17.34.09,54,18.18182,85
2014.05.10-17.34.10,55,18.18783,16
2014.05.10-17.34.11,55,18.18783,16
2014.05.10-17.34.12,55,18.18783,62
2014.05.10-17.34.13,55,18.18182,46
2014.05.10-17.34.14,55,18.18182,13
2014.05.10-17.34.15,55,18.18182,27
2014.05.10-17.34.16,54,18.1942,84
2014.05.10-17.34.17,54,18.1942,11
2014.05.10-17.34.18,54,18.1942,19
2014.05.10-17.34.19,55,18.18783,77
2014.05.10-17.34.20,55,18.18783,28
2014.05.10-17.34.21,55,18.18783,15
2014.05.10-17.34.22,55,18.19384,56
2014.05.10-17.34.23,55,18.19384,54
2014.05.10-17.34.24,55,18.19384,13
2014.05.10-17.34.25,54,18.20039,28
2014.05.10-17.34.26,54,18.20039,83
2014.05.10-17.34.27,54,18.20039,11
2014.05.10-17.34.28,55,18.20585,19
2014.05.10-17.34.29,55,18.20585,77
2014.05.10-17.34.30,55,18.20585,28
2014.05.10-17.34.31,55,18.19384,15
2014.05.10-17.34.32,55,18.19384,57
2014.05.10-17.34.33,55,18.19384,53
2014.05.10-17.34.34,55,18.20585,14
2014.05.10-17.34.35,55,18.20585,36
2014.05.10-17.34.36,55,18.20585,0
2014.05.10-17.34.37,54,18.18801,75
2014.05.10-17.34.38,54,18.18801,11
2014.05.10-17.34.39,54,18.18801,20
2014.05.10-17.34.40,55,18.18182,91
2014.05.10-17.34.41,55,18.18182,14
2014.05.10-17.34.42,55,18.18182,16
2014.05.10-17.34.43,55,18.18783,72
2014.05.10-17.34.44,55,18.18783,37
2014.05.10-17.34.45,55,18.18783,14
2014.05.10-17.34.46,54,18.21277,44
2014.05.10-17.34.47,54,18.21277,66
2014.05.10-17.34.48,54,18.21277,11
2014.05.10-17.34.49,55,18.19984,21
2014.05.10-17.34.50,55,18.19984,92
2014.05.10-17.34.51,55,18.19984,11
2014.05.10-17.34.52,52,18.91599,16
2014.05.10-17.34.53,52,18.91599,72
2014.05.10-17.34.54,52,18.91599,37
2014.05.10-17.34.55,55,18.18182,14
2014.05.10-17.34.56,55,18.18182,46
2014.05.10-17.34.57,55,18.18182,64
2014.05.10-17.34.58,55,18.18783,11
2014.05.10-17.34.59,55,18.18783,20
2014.05.10-17.35.00,55,18.18783,93
2014.05.10-17.35.01,54,18.18801,11
2014.05.10-17.35.02,54,18.18801,17
2014.05.10-17.35.03,54,18.18801,75
2014.05.10-17.35.04,55,18.18783,33
2014.05.10-17.35.05,55,18.18783,14
2014.05.10-17.35.06,55,18.18783,49
2014.05.10-17.35.07,55,18.19984,62
2014.05.10-17.35.08,55,18.19984,13
2014.05.10-17.35.09,55,18.19984,24
2014.05.10-17.35.10,55,18.18783,88
2014.05.10-17.35.11,55,18.18783,11
2014.05.10-17.35.12,55,18.18783,19
2014.05.10-17.35.13,54,18.1942,83
2014.05.10-17.35.14,54,18.1942,23
2014.05.10-17.35.15,54,18.1942,16
2014.05.10-17.35.16,55,18.18783,71
2014.05.10-17.35.17,55,18.18783,0
2014.05.10-17.35.18,55,18.18783,39
2014.05.10-17.35.19,55,18.18182,15
2014.05.10-17.35.20,55,18.18182,54
2014.05.10-17.35.21,55,18.18182,57
2014.05.10-17.35.22,54,18.18182,14
2014.05.10-17.35.23,54,18.18182,37
2014.05.10-17.35.24,54,18.18182,75
2014.05.10-17.35.25,55,18.18182,11
2014.05.10-17.35.26,55,18.18182,21
2014.05.10-17.35.27,55,18.18182,94
2014.05.10-17.35.28,55,18.19984,11
2014.05.10-17.35.29,55,18.19984,20
2014.05.10-17.35.30,55,18.19984,92
2014.05.10-17.35.31,54,18.20658,14
2014.05.10-17.35.32,54,18.20658,16
2014.05.10-17.35.33,54,18.20658,76
2014.05.10-17.35.34,55,18.19384,34
2014.05.10-17.35.35,55,18.19384,15
2014.05.10-17.35.36,55,18.19384,59
2014.05.10-17.35.37,55,18.20585,52
2014.05.10-17.35.38,55,18.20585,14
2014.05.10-17.35.39,55,18.20585,45
2014.05.10-17.35.40,54,18.1942,67
2014.05.10-17.35.41,54,18.1942,14
2014.05.10-17.35.42,54,18.1942,32
2014.05.10-17.35.43,55,18.19384,0
2014.05.10-17.35.44,55,18.19384,80
2014.05.10-17.35.45,55,18.19384,11
2014.05.10-17.35.46,55,18.19384,20
2014.05.10-17.35.47,55,18.19384,96
2014.05.10-17.35.48,55,18.19384,11
2014.05.10-17.35.49,54,18.1942,20
2014.05.10-17.35.50,54,18.1942,93
2014.05.10-17.35.51,54,18.1942,13
2014.05.10-17.35.52,55,18.19384,17
2014.05.10-17.35.53,55,18.19384,78
2014.05.10-17.35.54,55,18.19384,31
2014.05.10-17.35.55,55,18.18783,15
2014.05.10-17.35.56,55,18.18783,66
2014.05.10-17.35.57,55,18.18783,46
2014.05.10-17.35.58,55,18.19984,15
2014.05.10-17.35.59,55,18.19984,61
2014.05.10-17.36.00,55,18.19984,51
2014.05.10-17.36.01,54,18.18801,14
2014.05.10-17.36.02,54,18.18801,47
2014.05.10-17.36.03,54,18.18801,65
2014.05.10-17.36.04,55,18.18783,14
2014.05.10-17.36.05,55,18.18783,33
2014.05.10-17.36.06,55,18.18783,80
2014.05.10-17.36.07,55,18.21186,11
2014.05.10-17.36.08,55,18.21186,23
2014.05.10-17.36.09,55,18.21186,93
2014.05.10-17.36.10,54,18.18801,11
2014.05.10-17.36.11,54,18.18801,20
2014.05.10-17.36.12,54,18.18801,0
2014.05.10-17.36.13,55,18.18783,96
2014.05.10-17.36.14,55,18.18783,11
2014.05.10-17.36.15,55,18.18783,20
2014.05.10-17.36.16,55,18.19384,96
2014.05.10-17.36.17,55,18.19384,11
2014.05.10-17.36.18,55,18.19384,20
2014.05.10-17.36.19,54,18.18801,87
2014.05.10-17.36.20,54,18.18801,19
2014.05.10-17.36.21,54,18.18801,16
2014.05.10-17.36.22,55,18.20585,78
2014.05.10-17.36.23,55,18.20585,33
2014.05.10-17.36.24,55,18.20585,16
2014.05.10-17.36.25,55,18.19984,75
2014.05.10-17.36.26,55,18.19984,37
2014.05.10-17.36.27,55,18.19984,16
2014.05.10-17.36.28,54,18.18801,72
2014.05.10-17.36.29,54,18.18801,39
2014.05.10-17.36.30,54,18.18801,15
2014.05.10-17.36.31,55,18.19984,64
2014.05.10-17.36.32,55,18.19984,49
2014.05.10-17.36.33,55,18.19984,15
2014.05.10-17.36.34,55,18.19984,63
2014.05.10-17.36.35,55,18.19984,49
2014.05.10-17.36.36,55,18.19984,14
2014.05.10-17.36.37,54,18.1942,53
2014.05.10-17.36.38,54,18.1942,61
2014.05.10-17.36.39,54,18.1942,14
2014.05.10-17.36.40,55,18.20585,52
2014.05.10-17.36.41,55,18.20585,61
2014.05.10-17.36.42,55,18.20585,14
2014.05.10-17.36.43,55,18.19384,46
2014.05.10-17.36.44,55,18.19384,0
2014.05.10-17.36.45,55,18.19384,68
2014.05.10-17.36.46,52,19.05643,14
2014.05.10-17.36.47,52,19.05643,0
2014.05.10-17.36.48,52,19.05643,69
2014.05.10-17.36.49,55,18.19984,14
2014.05.10-17.36.50,55,18.19984,45
2014.05.10-17.36.51,55,18.19984,69
2014.05.10-17.36.52,54,18.18801,14
2014.05.10-17.36.53,54,18.18801,44
2014.05.10-17.36.54,54,18.18801,69
2014.05.10-17.36.55,55,18.19984,14
2014.05.10-17.36.56,55,18.19984,39
2014.05.10-17.36.57,55,18.19984,75
2014.05.10-17.36.58,55,18.19384,14
2014.05.10-17.36.59,55,18.19384,37
2014.05.10-17.37.00,55,18.19384,77
2014.05.10-17.37.01,54,18.18801,14
2014.05.10-17.37.02,54,18.18801,36
2014.05.10-17.37.03,54,18.18801,78
2014.05.10-17.37.04,55,18.19984,14
2014.05.10-17.37.05,55,18.19984,37
2014.05.10-17.37.06,55,18.19984,77
2014.05.10-17.37.07,55,18.18182,14
2014.05.10-17.37.08,55,18.18182,28
2014.05.10-17.37.09,55,18.18182,85
2014.05.10-17.37.10,54,18.1942,11
2014.05.10-17.37.11,54,18.1942,25
2014.05.10-17.37.12,54,18.1942,92
2014.05.10-17.37.13,55,18.18182,11
2014.05.10-17.37.14,55,18.18182,26
2014.05.10-17.37.15,55,18.18182,91
2014.05.10-17.37.16,55,18.18182,12
2014.05.10-17.37.17,55,18.18182,27
2014.05.10-17.37.18,55,18.18182,0
2014.05.10-17.37.19,55,18.18783,88
2014.05.10-17.37.20,55,18.18783,11
2014.05.10-17.37.21,55,18.18783,20
2014.05.10-17.37.22,54,18.20039,96
2014.05.10-17.37.23,54,18.20039,11
2014.05.10-17.37.24,54,18.20039,19
2014.05.10-17.37.25,55,18.18182,81
2014.05.10-17.37.26,55,18.18182,25
2014.05.10-17.37.27,55,18.18182,16
2014.05.10-17.37.28,55,18.18783,66
2014.05.10-17.37.29,55,18.18783,43
2014.05.10-17.37.30,55,18.18783,14
2014.05.10-17.37.31,54,18.18801,45
2014.05.10-17.37.32,54,18.18801,66
2014.05.10-17.37.33,54,18.18801,11
2014.05.10-17.37.34,55,18.19384,22
2014.05.10-17.37.35,55,18.19384,87
2014.05.10-17.37.36,55,18.19384,15
2014.05.10-17.37.37,55,18.19384,16
2014.05.10-17.37.38,55,18.19384,72
2014.05.10-17.37.39,55,18.19384,37
2014.05.10-17.37.40,54,18.20658,14
2014.05.10-17.37.41,54,18.20658,49
2014.05.10-17.37.42,54,18.20658,62
2014.05.10-17.37.43,55,18.20585,13
2014.05.10-17.37.44,55,18.20585,25
2014.05.10-17.37.45,55,18.20585,87
2014.05.10-17.37.46,55,18.19384,11
2014.05.10-17.37.47,55,18.19384,20
2014.05.10-17.37.48,55,18.19384,0
2014.05.10-17.37.49,54,18.20039,97
2014.05.10-17.37.50,54,18.20039,11
2014.05.10-17.37.51,54,18.20039,19
2014.05.10-17.37.52,55,18.18783,88
2014.05.10-17.37.53,55,18.18783,18
2014.05.10-17.37.54,55,18.18783,16
2014.05.10-17.37.55,55,18.19984,70
2014.05.10-17.37.56,55,18.19984,40
2014.05.10-17.37.57,55,18.19984,15
2014.05.10-17.37.58,54,18.1942,53
2014.05.10-17.37.59,54,18.1942,58
2014.05.10-17.38.00,54,18.1942,13
2014.05.10-17.38.01,55,18.18783,31
2014.05.10-17.38.02,55,18.18783,82
2014.05.10-17.38.03,55,18.18783,11
2014.05.10-17.38.04,55,18.18182,21
2014.05.10-17.38.05,55,18.18182,94
2014.05.10-17.38.06,55,18.18182,11
2014.05.10-17.38.07,54,18.1942,20
2014.05.10-17.38.08,54,18.1942,94
2014.05.10-17.38.09,54,18.1942,12
2014.05.10-17.38.10,55,18.21186,16
2014.05.10-17.38.11,55,18.21186,86
2014.05.10-17.38.12,55,18.21186,25
2014.05.10-17.38.13,55,18.19984,16
2014.05.10-17.38.14,55,18.19984,80
2014.05.10-17.38.15,55,18.19984,31
2014.05.10-17.38.16,54,18.20658,16
2014.05.10-17.38.17,54,18.20658,76
2014.05.10-17.38.18,54,18.20658,0
2014.05.10-17.38.19,55,18.18783,36
2014.05.10-17.38.20,55,18.18783,16
2014.05.10-17.38.21,55,18.18783,0
2014.05.10-17.38.22,55,18.19984,36
2014.05.10-17.38.23,55,18.19984,16
2014.05.10-17.38.24,55,18.19984,78
2014.05.10-17.38.25,55,18.19384,34
2014.05.10-17.38.26,55,18.19384,15
2014.05.10-17.38.27,55,18.19384,75
2014.05.10-17.38.28,54,18.1942,38
2014.05.10-17.38.29,54,18.1942,16
2014.05.10-17.38.30,54,18.1942,72
2014.05.10-17.38.31,55,18.19984,39
2014.05.10-17.38.32,55,18.19984,15
2014.05.10-17.38.33,55,18.19984,64
2014.05.10-17.38.34,55,18.19384,49
2014.05.10-17.38.35,55,18.19384,15
2014.05.10-17.38.36,55,18.19384,65
2014.05.10-17.38.37,54,18.18801,50
2014.05.10-17.38.38,54,18.18801,24
2014.05.10-17.38.39,54,18.18801,98
2014.05.10-17.38.40,55,18.18783,18
2014.05.10-17.38.41,55,18.18783,81
2014.05.10-17.38.42,55,18.18783,37
2014.05.10-17.38.43,52,18.97983,33
2014.05.10-17.38.44,52,18.97983,88
2014.05.10-17.38.45,52,18.97983,18
2014.05.10-17.38.46,55,18.18182,82
2014.05.10-17.38.47,55,18.18182,35
2014.05.10-17.38.48,55,18.18182,31
2014.05.10-17.38.49,55,18.18783,90
2014.05.10-17.38.50,55,18.18783,19
2014.05.10-17.38.51,55,18.18783,85
2014.05.10-17.38.52,54,18.20658,32
2014.05.10-17.38.53,54,18.20658,34
2014.05.10-17.38.54,54,18.20658,86
2014.05.10-17.38.55,55,18.19384,18
2014.05.10-17.38.56,55,18.19384,91
2014.05.10-17.38.57,55,18.19384,30
2014.05.10-17.38.58,55,18.19384,63
2014.05.10-17.38.59,55,18.19384,59
2014.05.10-17.39.00,55,18.19384,35
2014.05.10-17.39.01,54,18.20658,99
2014.05.10-17.39.02,54,18.20658,72
2014.05.10-17.39.03,54,18.20658,67
2014.05.10-17.39.04,55,18.19384,109
2014.05.10-17.39.05,55,18.19384,79
2014.05.10-17.39.06,55,18.19384,70
2014.05.10-17.39.07,55,18.19984,109
2014.05.10-17.39.08,55,18.19984,100
2014.05.10-17.39.09,55,18.19984,0
2014.05.10-17.39.10,54,18.18182,103
2014.05.10-17.39.11,54,18.18182,88
2014.05.10-17.39.12,54,18.18182,108
2014.05.10-17.39.13,55,18.19384,111
2014.05.10-17.39.14,55,18.19384,105
2014.05.10-17.39.15,55,18.19384,113
2014.05.10-17.39.16,55,18.18783,121
2014.05.10-17.39.17,55,18.18783,119
2014.05.10-17.39.18,55,18.18783,104
2014.05.10-17.39.19,55,18.19384,106
2014.05.10-17.39.20,55,18.19384,105
2014.05.10-17.39.21,55,18.19384,117
2014.05.10-17.39.22,54,18.20039,116
2014.05.10-17.39.23,54,18.20039,119
2014.05.10-17.39.24,54,18.20039,117
2014.05.10-17.39.25,55,18.18182,120
2014.05.10-17.39.26,55,18.18182,116
2014.05.10-17.39.27,55,18.18182,118
2014.05.10-17.39.28,55,18.18182,119
2014.05.10-17.39.29,55,18.18182,119
2014.05.10-17.39.30,55,18.18182,120
2014.05.10-17.39.31,54,18.18801,124
2014.05.10-17.39.32,54,18.18801,123
2014.05.10-17.39.33,54,18.18801,123
2014.05.10-17.39.34,55,18.19984,123
2014.05.10-17.39.35,55,18.19984,123
2014.05.10-17.39.36,55,18.19984,126
2014.05.10-17.39.37,55,18.19984,124
2014.05.10-17.39.38,55,18.19984,124
2014.05.10-17.39.39,55,18.19984,123
2014.05.10-17.39.40,54,18.20039,126
2014.05.10-17.39.41,54,18.20039,126
2014.05.10-17.39.42,54,18.20039,127
2014.05.10-17.39.43,55,18.19384,124
2014.05.10-17.39.44,55,18.19384,125
2014.05.10-17.39.45,55,18.19384,128
2014.05.10-17.39.46,55,18.18783,114
2014.05.10-17.39.47,55,18.18783,124
2014.05.10-17.39.48,55,18.18783,129
2014.05.10-17.39.49,54,18.20658,128
2014.05.10-17.39.50,54,18.20658,129
2014.05.10-17.39.51,54,18.20658,122
2014.05.10-17.39.52,55,18.18182,127
2014.05.10-17.39.53,55,18.18182,129
2014.05.10-17.39.54,55,18.18182,128
2014.05.10-17.39.55,55,18.19384,128
2014.05.10-17.39.56,55,18.19384,131
2014.05.10-17.39.57,55,18.19384,122
2014.05.10-17.39.58,54,18.18182,126
2014.05.10-17.39.59,54,18.18182,128
2014.05.10-17.40.00,54,18.18182,130
2014.05.10-17.40.01,55,18.19384,131
2014.05.10-17.40.02,55,18.19384,131
2014.05.10-17.40.03,55,18.19384,130
2014.05.10-17.40.04,55,18.20585,128
2014.05.10-17.40.05,55,18.20585,132
2014.05.10-17.40.06,55,18.20585,131
2014.05.10-17.40.07,55,18.19384,129
2014.05.10-17.40.08,55,18.19384,132
2014.05.10-17.40.09,55,18.19384,132
2014.05.10-17.40.10,54,18.18801,128
2014.05.10-17.40.11,54,18.18801,131
2014.05.10-17.40.12,54,18.18801,133
2014.05.10-17.40.13,55,18.19384,131
2014.05.10-17.40.14,55,18.19384,130
2014.05.10-17.40.15,55,18.19384,127
2014.05.10-17.40.16,55,18.20585,129
2014.05.10-17.40.17,55,18.20585,127
2014.05.10-17.40.18,55,18.20585,130
2014.05.10-17.40.19,54,18.20658,122
2014.05.10-17.40.20,54,18.20658,132
2014.05.10-17.40.21,54,18.20658,130
2014.05.10-17.40.22,55,18.18783,133
2014.05.10-17.40.23,55,18.18783,132
2014.05.10-17.40.24,55,18.18783,133
2014.05.10-17.40.25,52,19.01175,128
2014.05.10-17.40.26,52,19.01175,127
2014.05.10-17.40.27,52,19.01175,131
2014.05.10-17.40.28,55,18.18182,135
2014.05.10-17.40.29,55,18.18182,138
2014.05.10-17.40.30,55,18.18182,135
2014.05.10-17.40.31,55,18.19384,133
2014.05.10-17.40.32,55,18.19384,135
2014.05.10-17.40.33,55,18.19384,139
2014.05.10-17.40.34,54,18.18801,139
2014.05.10-17.40.35,54,18.18801,133
2014.05.10-17.40.36,54,18.18801,132
2014.05.10-17.40.37,55,18.19984,138
2014.05.10-17.40.38,55,18.19984,135
2014.05.10-17.40.39,55,18.19984,134
2014.05.10-17.40.40,55,18.19984,130
2014.05.10-17.40.41,55,18.19984,137
2014.05.10-17.40.42,55,18.19984,131
2014.05.10-17.40.43,54,18.18801,137
2014.05.10-17.40.44,54,18.18801,135
2014.05.10-17.40.45,54,18.18801,139
2014.05.10-17.40.46,55,18.19384,135
2014.05.10-17.40.47,55,18.19384,135
2014.05.10-17.40.48,55,18.19384,135
2014.05.10-17.40.49,55,18.21186,131
2014.05.10-17.40.50,55,18.21186,134
2014.05.10-17.40.51,55,18.21186,136
2014.05.10-17.40.52,54,18.18801,138
2014.05.10-17.40.53,54,18.18801,135
2014.05.10-17.40.54,54,18.18801,122
2014.05.10-17.40.55,55,18.18182,113
2014.05.10-17.40.56,55,18.18182,136
2014.05.10-17.40.57,55,18.18182,136
2014.05.10-17.40.58,55,18.19984,137
2014.05.10-17.40.59,55,18.19984,129
2014.05.10-17.41.00,55,18.19984,136
2014.05.10-17.41.01,54,18.1942,137
2014.05.10-17.41.02,54,18.1942,140
2014.05.10-17.41.03,54,18.1942,140
2014.05.10-17.41.04,55,18.18783,131
2014.05.10-17.41.05,55,18.18783,137
2014.05.10-17.41.06,55,18.18783,141
2014.05.10-17.41.07,55,18.19984,138
2014.05.10-17.41.08,55,18.19984,138
2014.05.10-17.41.09,55,18.19984,139
2014.05.10-17.41.10,54,18.20658,141
2014.05.10-17.41.11,54,18.20658,138
2014.05.10-17.41.12,54,18.20658,141
2014.05.10-17.41.13,55,18.18182,144
2014.05.10-17.41.14,55,18.18182,139
2014.05.10-17.41.15,55,18.18182,140
2014.05.10-17.41.16,55,18.19384,143
2014.05.10-17.41.17,55,18.19384,142
2014.05.10-17.41.18,55,18.19384,141
2014.05.10-17.41.19,55,18.18783,139
2014.05.10-17.41.20,55,18.18783,146
2014.05.10-17.41.21,55,18.18783,149
2014.05.10-17.41.22,54,18.1942,147
2014.05.10-17.41.23,54,18.1942,142
2014.05.10-17.41.24,54,18.1942,143
2014.05.10-17.41.25,55,18.19984,145
2014.05.10-17.41.26,55,18.19984,133
2014.05.10-17.41.27,55,18.19984,150
2014.05.10-17.41.28,55,18.18182,145
2014.05.10-17.41.29,55,18.18182,148
2014.05.10-17.41.30,55,18.18182,145
2014.05.10-17.41.31,54,18.20039,151
2014.05.10-17.41.32,54,18.20039,151
2014.05.10-17.41.33,54,18.20039,151
2014.05.10-17.41.34,55,18.18783,140
2014.05.10-17.41.35,55,18.18783,152
2014.05.10-17.41.36,55,18.18783,152
2014.05.10-17.41.37,55,18.19984,157
2014.05.10-17.41.38,55,18.19984,148
2014.05.10-17.41.39,55,18.19984,145
2014.05.10-17.41.40,54,18.18801,152
2014.05.10-17.41.41,54,18.18801,155
2014.05.10-17.41.42,54,18.18801,151
2014.05.10-17.41.43,55,18.19384,154
2014.05.10-17.41.44,55,18.19384,0
2014.05.10-17.41.45,55,18.19384,110
2014.05.10-17.41.46,55,18.18783,3
2014.05.10-17.41.47,55,18.18783,3
2014.05.10-17.41.48,55,18.18783,3
2014.05.10-17.41.49,54,18.18182,7
2014.05.10-17.41.50,54,18.18182,0
2014.05.10-17.41.51,54,18.18182,4
2014.05.10-17.41.52,55,18.19384,11
2014.05.10-17.41.53,55,18.19384,0
2014.05.10-17.41.54,55,18.19384,30
2014.05.10-17.41.55,55,18.19384,3
2014.05.10-17.41.56,55,18.19384,3
2014.05.10-17.41.57,55,18.19384,4
2014.05.10-17.41.58,54,18.1942,0
2014.05.10-17.41.59,54,18.1942,6
2014.05.10-17.42.00,54,18.1942,20
2014.05.10-17.42.01,54,19.00517,76
2014.05.10-17.42.02,54,19.00517,116
2014.05.10-17.42.03,54,19.00517,127
2014.05.10-17.42.04,54,18.18182,124
2014.05.10-17.42.05,54,18.18182,116
2014.05.10-17.42.06,54,18.18182,119
2014.05.10-17.42.07,55,18.20585,124
2014.05.10-17.42.08,55,18.20585,125
2014.05.10-17.42.09,55,18.20585,120
2014.05.10-17.42.10,55,18.19384,124
2014.05.10-17.42.11,55,18.19384,122
2014.05.10-17.42.12,55,18.19384,110
2014.05.10-17.42.13,54,18.21896,108
2014.05.10-17.42.14,54,18.21896,120
2014.05.10-17.42.15,54,18.21896,121
2014.05.10-17.42.16,55,18.18783,121
2014.05.10-17.42.17,55,18.18783,115
2014.05.10-17.42.18,55,18.18783,113
2014.05.10-17.42.19,55,18.18783,113
2014.05.10-17.42.20,55,18.18783,0
2014.05.10-17.42.21,55,18.18783,115
2014.05.10-17.42.22,54,18.20658,124
2014.05.10-17.42.23,54,18.20658,120
2014.05.10-17.42.24,54,18.20658,119
2014.05.10-17.42.25,55,18.19384,121
2014.05.10-17.42.26,55,18.19384,117
2014.05.10-17.42.27,55,18.19384,125
2014.05.10-17.42.28,55,18.18783,115
2014.05.10-17.42.29,55,18.18783,120
2014.05.10-17.42.30,55,18.18783,118
2014.05.10-17.42.31,55,18.18783,127
2014.05.10-17.42.32,55,18.18783,127
2014.05.10-17.42.33,55,18.18783,126
2014.05.10-17.42.34,54,18.1942,119
2014.05.10-17.42.35,54,18.1942,123
2014.05.10-17.42.36,54,18.1942,126
2014.05.10-17.42.37,55,18.19384,122
2014.05.10-17.42.38,55,18.19384,125
2014.05.10-17.42.39,55,18.19384,122
2014.05.10-17.42.40,55,18.18182,122
2014.05.10-17.42.41,55,18.18182,114
2014.05.10-17.42.42,55,18.18182,126
2014.05.10-17.42.43,54,18.1942,129
2014.05.10-17.42.44,54,18.1942,128
2014.05.10-17.42.45,54,18.1942,122
2014.05.10-17.42.46,55,18.19384,108
2014.05.10-17.42.47,55,18.19384,121
2014.05.10-17.42.48,55,18.19384,124
2014.05.10-17.42.49,55,18.19984,127
2014.05.10-17.42.50,55,18.19984,120
2014.05.10-17.42.51,55,18.19984,124
2014.05.10-17.42.52,54,18.18801,133
2014.05.10-17.42.53,54,18.18801,131
2014.05.10-17.42.54,54,18.18801,130
2014.05.10-17.42.55,55,18.19984,131
2014.05.10-17.42.56,55,18.19984,135
2014.05.10-17.42.57,55,18.19984,131
2014.05.10-17.42.58,55,18.18783,128
2014.05.10-17.42.59,55,18.18783,137
2014.05.10-17.43.00,55,18.18783,141
2014.05.10-17.43.01,54,18.1942,149
2014.05.10-17.43.02,54,18.1942,144
2014.05.10-17.43.03,54,18.1942,128
2014.05.10-17.43.04,55,18.18182,150
2014.05.10-17.43.05,55,18.18182,133
2014.05.10-17.43.06,55,18.18182,141
2014.05.10-17.43.07,55,18.18783,134
2014.05.10-17.43.08,55,18.18783,134
2014.05.10-17.43.09,55,18.18783,138
2014.05.10-17.43.10,55,18.18783,132
2014.05.10-17.43.11,55,18.18783,132
2014.05.10-17.43.12,55,18.18783,138
2014.05.10-17.43.13,54,18.1942,126
2014.05.10-17.43.14,54,18.1942,128
2014.05.10-17.43.15,54,18.1942,126
2014.05.10-17.43.16,55,18.19384,138
2014.05.10-17.43.17,55,18.19384,118
2014.05.10-17.43.18,55,18.19384,136
2014.05.10-17.43.19,55,18.19384,141
2014.05.10-17.43.20,55,18.19384,138
2014.05.10-17.43.21,55,18.19384,138
2014.05.10-17.43.22,54,18.18801,134
2014.05.10-17.43.23,54,18.18801,135
2014.05.10-17.43.24,54,18.18801,137
2014.05.10-17.43.25,55,18.18783,138
2014.05.10-17.43.26,55,18.18783,135
2014.05.10-17.43.27,55,18.18783,133
2014.05.10-17.43.28,55,18.19384,134
2014.05.10-17.43.29,55,18.19384,124
2014.05.10-17.43.30,55,18.19384,138
2014.05.10-17.43.31,54,18.20658,136
2014.05.10-17.43.32,54,18.20658,132
2014.05.10-17.43.33,54,18.20658,123
2014.05.10-17.43.34,55,18.19384,133
2014.05.10-17.43.35,55,18.19384,129
2014.05.10-17.43.36,55,18.19384,139
2014.05.10-17.43.37,52,19.06282,127
2014.05.10-17.43.38,52,19.06282,128
2014.05.10-17.43.39,52,19.06282,132
2014.05.10-17.43.40,55,18.18783,131
2014.05.10-17.43.41,55,18.18783,127
2014.05.10-17.43.42,55,18.18783,134
2014.05.10-17.43.43,55,18.18783,136
2014.05.10-17.43.44,55,18.18783,120
2014.05.10-17.43.45,55,18.18783,124
2014.05.10-17.43.46,54,18.18801,127
2014.05.10-17.43.47,54,18.18801,139
2014.05.10-17.43.48,54,18.18801,137
2014.05.10-17.43.49,55,18.18783,138
2014.05.10-17.43.50,55,18.18783,122
2014.05.10-17.43.51,55,18.18783,126
2014.05.10-17.43.52,55,18.19984,142
2014.05.10-17.43.53,55,18.19984,162
2014.05.10-17.43.54,55,18.19984,166
2014.05.10-17.43.55,54,18.1942,150
2014.05.10-17.43.56,54,18.1942,154
2014.05.10-17.43.57,54,18.1942,158
2014.05.10-17.43.58,55,18.19984,159
2014.05.10-17.43.59,55,18.19984,166
2014.05.10-17.44.00,55,18.19984,165
2014.05.10-17.44.01,55,18.20585,155
2014.05.10-17.44.02,55,18.20585,153
2014.05.10-17.44.03,55,18.20585,162
2014.05.10-17.44.04,54,18.18182,169
2014.05.10-17.44.05,54,18.18182,167
2014.05.10-17.44.06,54,18.18182,149
2014.05.10-17.44.07,55,18.18783,155
2014.05.10-17.44.08,55,18.18783,164
2014.05.10-17.44.09,55,18.18783,166
2014.05.10-17.44.10,55,18.19384,153
2014.05.10-17.44.11,55,18.19384,154
2014.05.10-17.44.12,55,18.19384,160
2014.05.10-17.44.13,54,18.20658,158
2014.05.10-17.44.14,54,18.20658,164
2014.05.10-17.44.15,54,18.20658,79
2014.05.10-17.44.16,55,18.18783,70
2014.05.10-17.44.17,55,18.18783,165
2014.05.10-17.44.18,55,18.18783,81
2014.05.10-17.44.19,55,18.18783,15
2014.05.10-17.44.20,55,18.18783,86
2014.05.10-17.44.21,55,18.18783,14
2014.05.10-17.44.22,54,18.18801,5
2014.05.10-17.44.23,54,18.18801,9
2014.05.10-17.44.24,54,18.18801,14
2014.05.10-17.44.25,55,18.19984,80
2014.05.10-17.44.26,55,18.19984,0
2014.05.10-17.44.27,55,18.19984,20
2014.05.10-17.44.28,55,18.20585,5
2014.05.10-17.44.29,55,18.20585,9
2014.05.10-17.44.30,55,18.20585,14
2014.05.10-17.44.31,54,18.1942,88
2014.05.10-17.44.32,54,18.1942,12
2014.05.10-17.44.33,54,18.1942,5
2014.05.10-17.44.34,55,18.18783,8
2014.05.10-17.44.35,55,18.18783,14
2014.05.10-17.44.36,55,18.18783,81
2014.05.10-17.44.37,55,18.19984,20
2014.05.10-17.44.38,55,18.19984,5
2014.05.10-17.44.39,55,18.19984,9
2014.05.10-17.44.40,55,18.20585,14
2014.05.10-17.44.41,55,18.20585,91
2014.05.10-17.44.42,55,18.20585,0
2014.05.10-17.44.43,54,18.18182,10
2014.05.10-17.44.44,54,18.18182,5
2014.05.10-17.44.45,54,18.18182,10
2014.05.10-17.44.46,55,18.20585,13
2014.05.10-17.44.47,55,18.20585,96
2014.05.10-17.44.48,55,18.20585,5
2014.05.10-17.44.49,55,18.18783,5
2014.05.10-17.44.50,55,18.18783,11
2014.05.10-17.44.51,55,18.18783,17
2014.05.10-17.44.52,54,18.20039,90
2014.05.10-17.44.53,54,18.20039,5
2014.05.10-17.44.54,54,18.20039,5
2014.05.10-17.44.55,55,18.19384,10
2014.05.10-17.44.56,55,18.19384,14
2014.05.10-17.44.57,55,18.19384,0
2014.05.10-17.44.58,55,18.18783,94
2014.05.10-17.44.59,55,18.18783,5
2014.05.10-17.45.00,55,18.18783,5
2014.05.10-17.45.01,54,18.18182,11
2014.05.10-17.45.02,54,18.18182,12
2014.05.10-17.45.03,54,18.18182,95
2014.05.10-17.45.04,55,18.19984,5
2014.05.10-17.45.05,55,18.19984,5
2014.05.10-17.45.06,55,18.19984,11
2014.05.10-17.45.07,55,18.19984,27
2014.05.10-17.45.08,55,18.19984,55
2014.05.10-17.45.09,55,18.19984,27
2014.05.10-17.45.10,54,18.18801,5
2014.05.10-17.45.11,54,18.18801,6
2014.05.10-17.45.12,54,18.18801,16
2014.05.10-17.45.13,55,18.19384,46
2014.05.10-17.45.14,55,18.19384,0
2014.05.10-17.45.15,55,18.19384,53
2014.05.10-17.45.16,55,18.19984,5
2014.05.10-17.45.17,55,18.19984,5
2014.05.10-17.45.18,55,18.19984,8
2014.05.10-17.45.19,54,18.18801,12
2014.05.10-17.45.20,54,18.18801,37
2014.05.10-17.45.21,54,18.18801,60
2014.05.10-17.45.22,55,18.19984,5
2014.05.10-17.45.23,55,18.19984,5
2014.05.10-17.45.24,55,18.19984,10
2014.05.10-17.45.25,52,19.05643,13
2014.05.10-17.45.26,52,19.05643,0
2014.05.10-17.45.27,52,19.05643,96
2014.05.10-17.45.28,55,18.19384,5
2014.05.10-17.45.29,55,18.19384,4
2014.05.10-17.45.30,55,18.19384,9
2014.05.10-17.45.31,55,18.19384,13
2014.05.10-17.45.32,55,18.19384,94
2014.05.10-17.45.33,55,18.19384,7
2014.05.10-17.45.34,54,18.1942,5
2014.05.10-17.45.35,54,18.1942,10
2014.05.10-17.45.36,54,18.1942,13
2014.05.10-17.45.37,55,18.19384,96
2014.05.10-17.45.38,55,18.19384,0
2014.05.10-17.45.39,55,18.19384,5
2014.05.10-17.45.40,55,18.19384,5
2014.05.10-17.45.41,55,18.19384,11
2014.05.10-17.45.42,55,18.19384,17
2014.05.10-17.45.43,54,18.1942,90
2014.05.10-17.45.44,54,18.1942,5
2014.05.10-17.45.45,54,18.1942,5
2014.05.10-17.45.46,55,18.18783,9
2014.05.10-17.45.47,55,18.18783,12
2014.05.10-17.45.48,55,18.18783,20
2014.05.10-17.45.49,55,18.18182,37
2014.05.10-17.45.50,55,18.18182,93
2014.05.10-17.45.51,55,18.18182,88
2014.05.10-17.45.52,55,18.18182,124
2014.05.10-17.45.53,55,18.18182,118
2014.05.10-17.45.54,55,18.18182,102
2014.05.10-17.45.55,54,18.1942,114
2014.05.10-17.45.56,54,18.1942,97
2014.05.10-17.45.57,54,18.1942,117
2014.05.10-17.45.58,55,18.19984,107
2014.05.10-17.45.59,55,18.19984,87
2014.05.10-17.46.00,55,18.19984,111
2014.05.10-17.46.01,55,18.19984,113
2014.05.10-17.46.02,55,18.19984,111
2014.05.10-17.46.03,55,18.19984,92
2014.05.10-17.46.04,54,18.1942,100
2014.05.10-17.46.05,54,18.1942,88
2014.05.10-17.46.06,54,18.1942,114
2014.05.10-17.46.07,55,18.19984,134
2014.05.10-17.46.08,55,18.19984,140
2014.05.10-17.46.09,55,18.19984,128
2014.05.10-17.46.10,55,18.19384,122
2014.05.10-17.46.11,55,18.19384,96
2014.05.10-17.46.12,55,18.19384,111
2014.05.10-17.46.13,54,18.20658,135
2014.05.10-17.46.14,54,18.20658,134
2014.05.10-17.46.15,54,18.20658,86
2014.05.10-17.46.16,55,18.19984,123
2014.05.10-17.46.17,55,18.19984,120
2014.05.10-17.46.18,55,18.19984,106
2014.05.10-17.46.19,55,18.18783,111
2014.05.10-17.46.20,55,18.18783,96
2014.05.10-17.46.21,55,18.18783,85
2014.05.10-17.46.22,54,18.20039,116
2014.05.10-17.46.23,54,18.20039,80
2014.05.10-17.46.24,54,18.20039,64
2014.05.10-17.46.25,55,18.19984,120
2014.05.10-17.46.26,55,18.19984,103
2014.05.10-17.46.27,55,18.19984,80
2014.05.10-17.46.28,55,18.19984,132
2014.05.10-17.46.29,55,18.19984,127
2014.05.10-17.46.30,55,18.19984,115
2014.05.10-17.46.31,54,18.1942,111
2014.05.10-17.46.32,54,18.1942,116
2014.05.10-17.46.33,54,18.1942,117
2014.05.10-17.46.34,55,18.20585,115
2014.05.10-17.46.35,55,18.20585,120
2014.05.10-17.46.36,55,18.20585,129
2014.05.10-17.46.37,55,18.19984,130
2014.05.10-17.46.38,55,18.19984,110
2014.05.10-17.46.39,55,18.19984,125
2014.05.10-17.46.40,54,18.20039,141
2014.05.10-17.46.41,54,18.20039,148
2014.05.10-17.46.42,54,18.20039,151
2014.05.10-17.46.43,55,18.20585,113
2014.05.10-17.46.44,55,18.20585,117
2014.05.10-17.46.45,55,18.20585,102
2014.05.10-17.46.46,55,18.19384,39
2014.05.10-17.46.47,55,18.19384,38
2014.05.10-17.46.48,55,18.19384,80
2014.05.10-17.46.49,54,18.18182,0
2014.05.10-17.46.50,54,18.18182,17
2014.05.10-17.46.51,54,18.18182,0
2014.05.10-17.46.52,55,18.20585,73
2014.05.10-17.46.53,55,18.20585,15
2014.05.10-17.46.54,55,18.20585,41
2014.05.10-17.46.55,55,18.18783,101
2014.05.10-17.46.56,55,18.18783,100
2014.05.10-17.46.57,55,18.18783,83
2014.05.10-17.46.58,54,18.1942,77
2014.05.10-17.46.59,54,18.1942,90
2014.05.10-17.47.00,54,18.1942,69
2014.05.10-17.47.01,55,18.18783,86
2014.05.10-17.47.02,55,18.18783,90
2014.05.10-17.47.03,55,18.18783,83
2014.05.10-17.47.04,55,18.19384,94
2014.05.10-17.47.05,55,18.19384,90
2014.05.10-17.47.06,55,18.19384,102
2014.05.10-17.47.07,52,19.06282,69
2014.05.10-17.47.08,52,19.06282,87
2014.05.10-17.47.09,52,19.06282,62
2014.05.10-17.47.10,55,18.19984,78
2014.05.10-17.47.11,55,18.19984,68
2014.05.10-17.47.12,55,18.19984,59
2014.05.10-17.47.13,54,18.18801,70
2014.05.10-17.47.14,54,18.18801,61
2014.05.10-17.47.15,54,18.18801,74
2014.05.10-17.47.16,55,18.18783,49
2014.05.10-17.47.17,55,18.18783,44
2014.05.10-17.47.18,55,18.18783,77
2014.05.10-17.47.19,55,18.19984,38
2014.05.10-17.47.20,55,18.19984,87
2014.05.10-17.47.21,55,18.19984,28
2014.05.10-17.47.22,54,18.18801,82
2014.05.10-17.47.23,54,18.18801,24
2014.05.10-17.47.24,54,18.18801,13
2014.05.10-17.47.25,55,18.18182,61
2014.05.10-17.47.26,55,18.18182,50
2014.05.10-17.47.27,55,18.18182,11
2014.05.10-17.47.28,55,18.21186,28
2014.05.10-17.47.29,55,18.21186,32
2014.05.10-17.47.30,55,18.21186,57
2014.05.10-17.47.31,55,18.18182,27
2014.05.10-17.47.32,55,18.18182,67
2014.05.10-17.47.33,55,18.18182,48
2014.05.10-17.47.34,54,18.20039,56
2014.05.10-17.47.35,54,18.20039,57
2014.05.10-17.47.36,54,18.20039,14
2014.05.10-17.47.37,55,18.19384,22
2014.05.10-17.47.38,55,18.19384,44
2014.05.10-17.47.39,55,18.19384,46
2014.05.10-17.47.40,55,18.19384,12
2014.05.10-17.47.41,55,18.19384,25
2014.05.10-17.47.42,55,18.19384,75
2014.05.10-17.47.43,54,18.1942,27
2014.05.10-17.47.44,54,18.1942,35
2014.05.10-17.47.45,54,18.1942,0
2014.05.10-17.47.46,55,18.20585,86
2014.05.10-17.47.47,55,18.20585,75
2014.05.10-17.47.48,55,18.20585,0
2014.05.10-17.47.49,55,18.19984,38
2014.05.10-17.47.50,55,18.19984,31
2014.05.10-17.47.51,55,18.19984,88
2014.05.10-17.47.52,54,18.20039,19
2014.05.10-17.47.53,54,18.20039,57
2014.05.10-17.47.54,54,18.20039,60
2014.05.10-17.47.55,55,18.19384,29
2014.05.10-17.47.56,55,18.19384,93
2014.05.10-17.47.57,55,18.19384,26
2014.05.10-17.47.58,55,18.19384,100
2014.05.10-17.47.59,55,18.19384,22
2014.05.10-17.48.00,55,18.19384,101
2014.05.10-17.48.01,54,18.1942,21
2014.05.10-17.48.02,54,18.1942,71
2014.05.10-17.48.03,54,18.1942,50
2014.05.10-17.48.04,55,18.20585,62
2014.05.10-17.48.05,55,18.20585,64
2014.05.10-17.48.06,55,18.20585,31
2014.05.10-17.48.07,55,18.18182,91
2014.05.10-17.48.08,55,18.18182,20
2014.05.10-17.48.09,55,18.18182,99
2014.05.10-17.48.10,54,18.20039,22
2014.05.10-17.48.11,54,18.20039,70
2014.05.10-17.48.12,54,18.20039,53
2014.05.10-17.48.13,55,18.19984,51
2014.05.10-17.48.14,55,18.19984,73
2014.05.10-17.48.15,55,18.19984,27
2014.05.10-17.48.16,55,18.19984,100
2014.05.10-17.48.17,55,18.19984,26
2014.05.10-17.48.18,55,18.19984,98
2014.05.10-17.48.19,54,18.20039,23
2014.05.10-17.48.20,54,18.20039,104
2014.05.10-17.48.21,54,18.20039,19
2014.05.10-17.48.22,55,18.18182,104
2014.05.10-17.48.23,55,18.18182,22
2014.05.10-17.48.24,55,18.18182,108
2014.05.10-17.48.25,55,18.20585,19
2014.05.10-17.48.26,55,18.20585,110
2014.05.10-17.48.27,55,18.20585,20
2014.05.10-17.48.28,54,18.18801,109
2014.05.10-17.48.29,54,18.18801,20
2014.05.10-17.48.30,54,18.18801,95
2014.05.10-17.48.31,55,18.18783,30
2014.05.10-17.48.32,55,18.18783,112
2014.05.10-17.48.33,55,18.18783,23
2014.05.10-17.48.34,55,18.19384,106
2014.05.10-17.48.35,55,18.19384,26
2014.05.10-17.48.36,55,18.19384,104
2014.05.10-17.48.37,54,18.20658,28
2014.05.10-17.48.38,54,18.20658,104
2014.05.10-17.48.39,54,18.20658,44
2014.05.10-17.48.40,55,18.19384,87
2014.05.10-17.48.41,55,18.19384,63
2014.05.10-17.48.42,55,18.19384,65
2014.05.10-17.48.43,55,18.19984,82
2014.05.10-17.48.44,55,18.19984,49
2014.05.10-17.48.45,55,18.19984,113
2014.05.10-17.48.46,55,18.18182,22
2014.05.10-17.48.47,55,18.18182,0
2014.05.10-17.48.48,55,18.18182,110
2014.05.10-17.48.49,54,18.1942,28
2014.05.10-17.48.50,54,18.1942,104
2014.05.10-17.48.51,54,18.1942,35
2014.05.10-17.48.52,55,18.19384,96
2014.05.10-17.48.53,55,18.19384,72
2014.05.10-17.48.54,55,18.19384,59
2014.05.10-17.48.55,52,19.05643,115
2014.05.10-17.48.56,52,19.05643,21
2014.05.10-17.48.57,52,19.05643,111
2014.05.10-17.48.58,55,18.19384,27
2014.05.10-17.48.59,55,18.19384,103
2014.05.10-17.49.00,55,18.19384,30
2014.05.10-17.49.01,54,18.1942,102
2014.05.10-17.49.02,54,18.1942,83
2014.05.10-17.49.03,54,18.1942,48
2014.05.10-17.49.04,55,18.19984,116
2014.05.10-17.49.05,55,18.19984,20
2014.05.10-17.49.06,55,18.19984,110
2014.05.10-17.49.07,55,18.20585,27
2014.05.10-17.49.08,55,18.20585,104
2014.05.10-17.49.09,55,18.20585,27
2014.05.10-17.49.10,55,18.18182,105
2014.05.10-17.49.11,55,18.18182,57
2014.05.10-17.49.12,55,18.18182,72
2014.05.10-17.49.13,54,18.18182,73
2014.05.10-17.49.14,54,18.18182,56
2014.05.10-17.49.15,54,18.18182,97
2014.05.10-17.49.16,55,18.19384,38
2014.05.10-17.49.17,55,18.19384,112
2014.05.10-17.49.18,55,18.19384,28
2014.05.10-17.49.19,55,18.20585,106
2014.05.10-17.49.20,55,18.20585,81
2014.05.10-17.49.21,55,18.20585,54
2014.05.10-17.49.22,54,18.18801,115
2014.05.10-17.49.23,54,18.18801,29
2014.05.10-17.49.24,54,18.18801,106
