Timestamp,SFPS,FT,CFPS,d9e09e31-3ed0-4f93-9e58-a6e0a8488c4a
2014.05.12-17.49.12,52,18.97344,0
2014.05.12-17.49.13,55,18.18182,0
2014.05.12-17.49.14,55,18.18182,0
2014.05.12-17.49.15,55,18.18182,0
2014.05.12-17.49.16,54,18.18801,0
2014.05.12-17.49.17,54,18.18801,0
2014.05.12-17.49.18,54,18.18801,15
2014.05.12-17.49.19,55,18.18783,4
2014.05.12-17.49.20,55,18.18783,15
2014.05.12-17.49.21,55,18.18783,41
2014.05.12-17.49.22,55,18.18783,60
2014.05.12-17.49.23,55,18.18783,11
2014.05.12-17.49.24,55,18.18783,15
2014.05.12-17.49.25,55,18.18783,43
2014.05.12-17.49.26,55,18.18783,58
2014.05.12-17.49.27,55,18.18783,12
2014.05.12-17.49.28,54,18.20039,15
2014.05.12-17.49.29,54,18.20039,43
2014.05.12-17.49.30,54,18.20039,59
2014.05.12-17.49.31,55,18.18182,0
2014.05.12-17.49.32,55,18.18182,11
2014.05.12-17.49.33,55,18.18182,15
2014.05.12-17.49.34,55,18.18182,43
2014.05.12-17.49.35,55,18.18182,56
2014.05.12-17.49.36,55,18.18182,13
2014.05.12-17.49.37,54,18.1942,15
2014.05.12-17.49.38,54,18.1942,39
2014.05.12-17.49.39,54,18.1942,60
2014.05.12-17.49.40,55,18.19384,14
2014.05.12-17.49.41,55,18.19384,15
2014.05.12-17.49.42,55,18.19384,39
2014.05.12-17.49.43,55,18.21186,60
2014.05.12-17.49.44,55,18.21186,14
2014.05.12-17.49.45,55,18.21186,15
2014.05.12-17.49.46,54,18.1942,40
2014.05.12-17.49.47,54,18.1942,58
2014.05.12-17.49.48,54,18.1942,15
2014.05.12-17.49.49,55,18.20585,15
2014.05.12-17.49.50,55,18.20585,40
2014.05.12-17.49.51,55,18.20585,59
2014.05.12-17.49.52,55,18.19984,14
2014.05.12-17.49.53,55,18.19984,15
2014.05.12-17.49.54,55,18.19984,39
2014.05.12-17.49.55,54,18.18801,61
2014.05.12-17.49.56,54,18.18801,13
2014.05.12-17.49.57,54,18.18801,15
2014.05.12-17.49.58,55,18.20585,42
2014.05.12-17.49.59,55,18.20585,61
2014.05.12-17.50.00,55,18.20585,11
2014.05.12-17.50.01,55,18.18783,15
2014.05.12-17.50.02,55,18.18783,45
2014.05.12-17.50.03,55,18.18783,58
2014.05.12-17.50.04,54,18.18801,10
2014.05.12-17.50.05,54,18.18801,15
2014.05.12-17.50.06,54,18.18801,44
2014.05.12-17.50.07,55,18.20585,59
2014.05.12-17.50.08,55,18.20585,10
2014.05.12-17.50.09,55,18.20585,15
2014.05.12-17.50.10,55,18.18783,45
2014.05.12-17.50.11,55,18.18783,58
2014.05.12-17.50.12,55,18.18783,10
2014.05.12-17.50.13,54,18.18801,15
2014.05.12-17.50.14,54,18.18801,45
2014.05.12-17.50.15,54,18.18801,59
2014.05.12-17.50.16,55,18.18783,10
2014.05.12-17.50.17,55,18.18783,16
2014.05.12-17.50.18,55,18.18783,49
2014.05.12-17.50.19,55,18.18783,0
2014.05.12-17.50.20,55,18.18783,54
2014.05.12-17.50.21,55,18.18783,10
2014.05.12-17.50.22,55,18.18182,0
2014.05.12-17.50.23,55,18.18182,0
2014.05.12-17.50.24,55,18.18182,49
2014.05.12-17.50.25,54,18.1942,11
2014.05.12-17.50.26,54,18.1942,19
2014.05.12-17.50.27,54,18.1942,64
2014.05.12-17.50.28,55,18.19984,36
2014.05.12-17.50.29,55,18.19984,13
2014.05.12-17.50.30,55,18.19984,21
2014.05.12-17.50.31,55,18.18783,63
2014.05.12-17.50.32,55,18.18783,32
2014.05.12-17.50.33,55,18.18783,14
2014.05.12-17.50.34,54,18.1942,29
2014.05.12-17.50.35,54,18.1942,61
2014.05.12-17.50.36,54,18.1942,25
2014.05.12-17.50.37,55,18.18182,14
2014.05.12-17.50.38,55,18.18182,34
2014.05.12-17.50.39,55,18.18182,64
2014.05.12-17.50.40,55,18.19984,18
2014.05.12-17.50.41,55,18.19984,15
2014.05.12-17.50.42,55,18.19984,43
2014.05.12-17.50.43,54,18.20658,62
2014.05.12-17.50.44,54,18.20658,11
2014.05.12-17.50.45,54,18.20658,18
2014.05.12-17.50.46,55,18.19984,54
2014.05.12-17.50.47,55,18.19984,47
2014.05.12-17.50.48,55,18.19984,11
2014.05.12-17.50.49,55,18.18182,19
2014.05.12-17.50.50,55,18.18182,66
2014.05.12-17.50.51,55,18.18182,0
2014.05.12-17.50.52,52,19.14581,35
2014.05.12-17.50.53,52,19.14581,14
2014.05.12-17.50.54,52,19.14581,30
2014.05.12-17.50.55,54,18.18801,65
2014.05.12-17.50.56,54,18.18801,21
2014.05.12-17.50.57,54,18.18801,14
2014.05.12-17.50.58,55,18.19984,37
2014.05.12-17.50.59,55,18.19984,66
2014.05.12-17.51.00,55,18.19984,13
2014.05.12-17.51.01,55,18.21186,16
2014.05.12-17.51.02,55,18.21186,50
2014.05.12-17.51.03,55,18.21186,54
2014.05.12-17.51.04,54,18.1942,11
2014.05.12-17.51.05,54,18.1942,19
2014.05.12-17.51.06,54,18.1942,62
2014.05.12-17.51.07,55,18.19984,39
2014.05.12-17.51.08,55,18.19984,13
2014.05.12-17.51.09,55,18.19984,22
2014.05.12-17.51.10,55,18.19384,65
2014.05.12-17.51.11,55,18.19384,30
2014.05.12-17.51.12,55,18.19384,14
2014.05.12-17.51.13,54,18.20658,34
2014.05.12-17.51.14,54,18.20658,66
2014.05.12-17.51.15,54,18.20658,16
2014.05.12-17.51.16,55,18.20585,15
2014.05.12-17.51.17,55,18.20585,46
2014.05.12-17.51.18,55,18.20585,60
2014.05.12-17.51.19,55,18.18182,11
2014.05.12-17.51.20,55,18.18182,19
2014.05.12-17.51.21,55,18.18182,69
2014.05.12-17.51.22,55,18.20585,33
2014.05.12-17.51.23,55,18.20585,14
2014.05.12-17.51.24,55,18.20585,33
2014.05.12-17.51.25,54,18.18182,72
2014.05.12-17.51.26,54,18.18182,0
2014.05.12-17.51.27,54,18.18182,13
2014.05.12-17.51.28,55,18.21186,16
2014.05.12-17.51.29,55,18.21186,52
2014.05.12-17.51.30,55,18.21186,53
2014.05.12-17.51.31,55,18.18783,11
2014.05.12-17.51.32,55,18.18783,19
2014.05.12-17.51.33,55,18.18783,70
2014.05.12-17.51.34,54,18.1942,32
2014.05.12-17.51.35,54,18.1942,14
2014.05.12-17.51.36,54,18.1942,36
2014.05.12-17.51.37,55,18.19384,68
2014.05.12-17.51.38,55,18.19384,13
2014.05.12-17.51.39,55,18.19384,16
2014.05.12-17.51.40,55,18.19384,52
2014.05.12-17.51.41,55,18.19384,53
2014.05.12-17.51.42,55,18.19384,11
2014.05.12-17.51.43,54,18.18801,19
2014.05.12-17.51.44,54,18.18801,67
2014.05.12-17.51.45,54,18.18801,34
2014.05.12-17.51.46,55,18.18783,14
2014.05.12-17.51.47,55,18.18783,32
2014.05.12-17.51.48,55,18.18783,69
2014.05.12-17.51.49,55,18.19384,16
2014.05.12-17.51.50,55,18.19384,15
2014.05.12-17.51.51,55,18.19384,45
2014.05.12-17.51.52,54,18.18801,61
2014.05.12-17.51.53,54,18.18801,11
2014.05.12-17.51.54,54,18.18801,19
2014.05.12-17.51.55,55,18.19984,65
2014.05.12-17.51.56,55,18.19984,0
2014.05.12-17.51.57,55,18.19984,37
2014.05.12-17.51.58,55,18.18783,14
2014.05.12-17.51.59,55,18.18783,32
2014.05.12-17.52.00,55,18.18783,67
2014.05.12-17.52.01,54,18.18801,18
2014.05.12-17.52.02,54,18.18801,15
2014.05.12-17.52.03,54,18.18801,47
2014.05.12-17.52.04,55,18.19384,59
2014.05.12-17.52.05,55,18.19384,11
2014.05.12-17.52.06,55,18.19384,19
2014.05.12-17.52.07,55,18.19384,64
2014.05.12-17.52.08,55,18.19384,37
2014.05.12-17.52.09,55,18.19384,13
2014.05.12-17.52.10,55,18.18182,23
2014.05.12-17.52.11,55,18.18182,71
2014.05.12-17.52.12,55,18.18182,24
2014.05.12-17.52.13,54,18.18182,15
2014.05.12-17.52.14,54,18.18182,41
2014.05.12-17.52.15,54,18.18182,65
2014.05.12-17.52.16,55,18.19984,11
2014.05.12-17.52.17,55,18.19984,19
2014.05.12-17.52.18,55,18.19984,62
2014.05.12-17.52.19,55,18.20585,40
2014.05.12-17.52.20,55,18.20585,13
2014.05.12-17.52.21,55,18.20585,23
2014.05.12-17.52.22,54,18.18801,67
2014.05.12-17.52.23,54,18.18801,28
2014.05.12-17.52.24,54,18.18801,15
2014.05.12-17.52.25,55,18.18783,41
2014.05.12-17.52.26,55,18.18783,0
2014.05.12-17.52.27,55,18.18783,64
2014.05.12-17.52.28,55,18.18182,11
2014.05.12-17.52.29,55,18.18182,15
2014.05.12-17.52.30,55,18.18182,41
2014.05.12-17.52.31,54,18.18182,56
2014.05.12-17.52.32,54,18.18182,17
2014.05.12-17.52.33,54,18.18182,22
2014.05.12-17.52.34,55,18.18783,65
2014.05.12-17.52.35,55,18.18783,36
2014.05.12-17.52.36,55,18.18783,17
2014.05.12-17.52.37,55,18.19384,47
2014.05.12-17.52.38,55,18.19384,59
2014.05.12-17.52.39,55,18.19384,16
2014.05.12-17.52.40,54,18.18801,33
2014.05.12-17.52.41,54,18.18801,62
2014.05.12-17.52.42,54,18.18801,25
2014.05.12-17.52.43,55,18.20585,21
2014.05.12-17.52.44,55,18.20585,61
2014.05.12-17.52.45,55,18.20585,43
2014.05.12-17.52.46,55,18.18783,18
2014.05.12-17.52.47,55,18.18783,59
2014.05.12-17.52.48,55,18.18783,49
2014.05.12-17.52.49,55,18.18783,17
2014.05.12-17.52.50,55,18.18783,48
2014.05.12-17.52.51,55,18.18783,61
2014.05.12-17.52.52,54,18.18182,17
2014.05.12-17.52.53,54,18.18182,45
2014.05.12-17.52.54,54,18.18182,66
2014.05.12-17.52.55,52,19.13304,17
2014.05.12-17.52.56,52,19.13304,43
2014.05.12-17.52.57,52,19.13304,68
2014.05.12-17.52.58,55,18.18182,19
2014.05.12-17.52.59,55,18.18182,60
2014.05.12-17.53.00,55,18.18182,53
2014.05.12-17.53.01,55,18.19384,19
2014.05.12-17.53.02,55,18.19384,68
2014.05.12-17.53.03,55,18.19384,54
2014.05.12-17.53.04,54,18.1942,54
2014.05.12-17.53.05,54,18.1942,73
2014.05.12-17.53.06,54,18.1942,59
2014.05.12-17.53.07,55,18.19984,70
2014.05.12-17.53.08,55,18.19984,67
2014.05.12-17.53.09,55,18.19984,68
2014.05.12-17.53.10,55,18.20585,80
2014.05.12-17.53.11,55,18.20585,67
2014.05.12-17.53.12,55,18.20585,78
2014.05.12-17.53.13,54,18.18182,77
2014.05.12-17.53.14,54,18.18182,77
2014.05.12-17.53.15,54,18.18182,80
2014.05.12-17.53.16,55,18.19984,79
2014.05.12-17.53.17,55,18.19984,77
2014.05.12-17.53.18,55,18.19984,78
2014.05.12-17.53.19,55,18.19384,76
2014.05.12-17.53.20,55,18.19384,81
2014.05.12-17.53.21,55,18.19384,78
2014.05.12-17.53.22,54,18.18801,64
2014.05.12-17.53.23,54,18.18801,64
2014.05.12-17.53.24,54,18.18801,71
2014.05.12-17.53.25,55,18.19984,73
2014.05.12-17.53.26,55,18.19984,73
2014.05.12-17.53.27,55,18.19984,68
2014.05.12-17.53.28,55,18.18783,68
2014.05.12-17.53.29,55,18.18783,80
2014.05.12-17.53.30,55,18.18783,80
2014.05.12-17.53.31,55,18.18783,0
2014.05.12-17.53.32,55,18.18783,75
2014.05.12-17.53.33,55,18.18783,78
2014.05.12-17.53.34,54,18.1942,71
2014.05.12-17.53.35,54,18.1942,72
2014.05.12-17.53.36,54,18.1942,72
2014.05.12-17.53.37,55,18.18783,74
2014.05.12-17.53.38,55,18.18783,70
2014.05.12-17.53.39,55,18.18783,69
2014.05.12-17.53.40,55,18.19384,71
2014.05.12-17.53.41,55,18.19384,75
2014.05.12-17.53.42,55,18.19384,71
2014.05.12-17.53.43,54,18.20658,73
2014.05.12-17.53.44,54,18.20658,73
2014.05.12-17.53.45,54,18.20658,70
2014.05.12-17.53.46,55,18.18783,82
2014.05.12-17.53.47,55,18.18783,78
2014.05.12-17.53.48,55,18.18783,81
2014.05.12-17.53.49,55,18.19984,80
2014.05.12-17.53.50,55,18.19984,79
2014.05.12-17.53.51,55,18.19984,73
2014.05.12-17.53.52,54,18.18182,73
2014.05.12-17.53.53,54,18.18182,73
2014.05.12-17.53.54,54,18.18182,68
2014.05.12-17.53.55,55,18.18783,62
2014.05.12-17.53.56,55,18.18783,69
2014.05.12-17.53.57,55,18.18783,71
2014.05.12-17.53.58,55,18.19984,73
2014.05.12-17.53.59,55,18.19984,70
2014.05.12-17.54.00,55,18.19984,71
2014.05.12-17.54.01,54,18.18801,72
2014.05.12-17.54.02,54,18.18801,71
2014.05.12-17.54.03,54,18.18801,72
2014.05.12-17.54.04,55,18.18182,69
2014.05.12-17.54.05,55,18.18182,72
2014.05.12-17.54.06,55,18.18182,67
2014.05.12-17.54.07,55,18.18182,71
2014.05.12-17.54.08,55,18.18182,72
2014.05.12-17.54.09,55,18.18182,70
2014.05.12-17.54.10,54,18.20039,68
2014.05.12-17.54.11,54,18.20039,68
2014.05.12-17.54.12,54,18.20039,67
2014.05.12-17.54.13,55,18.18783,71
2014.05.12-17.54.14,55,18.18783,69
2014.05.12-17.54.15,55,18.18783,69
2014.05.12-17.54.16,55,18.19384,68
2014.05.12-17.54.17,55,18.19384,64
2014.05.12-17.54.18,55,18.19384,68
2014.05.12-17.54.19,55,18.18783,68
2014.05.12-17.54.20,55,18.18783,69
2014.05.12-17.54.21,55,18.18783,68
2014.05.12-17.54.22,54,18.18182,68
2014.05.12-17.54.23,54,18.18182,62
2014.05.12-17.54.24,54,18.18182,69
2014.05.12-17.54.25,55,18.19384,66
2014.05.12-17.54.26,55,18.19384,61
2014.05.12-17.54.27,55,18.19384,64
2014.05.12-17.54.28,55,18.18783,63
2014.05.12-17.54.29,55,18.18783,61
2014.05.12-17.54.30,55,18.18783,66
2014.05.12-17.54.31,54,18.18801,62
2014.05.12-17.54.32,54,18.18801,62
2014.05.12-17.54.33,54,18.18801,61
2014.05.12-17.54.34,55,18.18783,65
2014.05.12-17.54.35,55,18.18783,61
2014.05.12-17.54.36,55,18.18783,65
2014.05.12-17.54.37,55,18.19384,65
2014.05.12-17.54.38,55,18.19384,62
2014.05.12-17.54.39,55,18.19384,63
2014.05.12-17.54.40,54,18.20039,63
2014.05.12-17.54.41,54,18.20039,62
2014.05.12-17.54.42,54,18.20039,65
2014.05.12-17.54.43,55,18.18182,65
2014.05.12-17.54.44,55,18.18182,63
2014.05.12-17.54.45,55,18.18182,63
2014.05.12-17.54.46,52,19.13304,65
2014.05.12-17.54.47,52,19.13304,61
2014.05.12-17.54.48,52,19.13304,65
2014.05.12-17.54.49,55,18.20585,64
2014.05.12-17.54.50,55,18.20585,65
2014.05.12-17.54.51,55,18.20585,60
2014.05.12-17.54.52,55,18.19984,65
2014.05.12-17.54.53,55,18.19984,65
2014.05.12-17.54.54,55,18.19984,64
2014.05.12-17.54.55,54,18.21277,65
2014.05.12-17.54.56,54,18.21277,64
2014.05.12-17.54.57,54,18.21277,61
2014.05.12-17.54.58,55,18.19384,67
2014.05.12-17.54.59,55,18.19384,62
2014.05.12-17.55.00,55,18.19384,65
2014.05.12-17.55.01,55,18.19384,65
2014.05.12-17.55.02,55,18.19384,64
2014.05.12-17.55.03,55,18.19384,63
2014.05.12-17.55.04,54,18.18801,65
2014.05.12-17.55.05,54,18.18801,62
2014.05.12-17.55.06,54,18.18801,66
2014.05.12-17.55.07,55,18.18783,64
2014.05.12-17.55.08,55,18.18783,64
2014.05.12-17.55.09,55,18.18783,63
2014.05.12-17.55.10,55,18.18182,63
2014.05.12-17.55.11,55,18.18182,65
2014.05.12-17.55.12,55,18.18182,66
2014.05.12-17.55.13,54,18.1942,63
2014.05.12-17.55.14,54,18.1942,65
2014.05.12-17.55.15,54,18.1942,62
2014.05.12-17.55.16,55,18.19984,68
2014.05.12-17.55.17,55,18.19984,62
2014.05.12-17.55.18,55,18.19984,66
2014.05.12-17.55.19,55,18.18182,63
2014.05.12-17.55.20,55,18.18182,65
2014.05.12-17.55.21,55,18.18182,63
2014.05.12-17.55.22,54,18.18182,66
2014.05.12-17.55.23,54,18.18182,64
2014.05.12-17.55.24,54,18.18182,66
2014.05.12-17.55.25,55,18.19984,68
2014.05.12-17.55.26,55,18.19984,64
2014.05.12-17.55.27,55,18.19984,0
2014.05.12-17.55.28,55,18.18783,62
2014.05.12-17.55.29,55,18.18783,63
2014.05.12-17.55.30,55,18.18783,64
2014.05.12-17.55.31,54,18.1942,67
2014.05.12-17.55.32,54,18.1942,67
2014.05.12-17.55.33,54,18.1942,61
2014.05.12-17.55.34,55,18.19384,64
2014.05.12-17.55.35,55,18.19384,64
2014.05.12-17.55.36,55,18.19384,65
2014.05.12-17.55.37,55,18.19984,66
2014.05.12-17.55.38,55,18.19984,65
2014.05.12-17.55.39,55,18.19984,61
2014.05.12-17.55.40,54,18.21277,61
2014.05.12-17.55.41,54,18.21277,67
2014.05.12-17.55.42,54,18.21277,65
2014.05.12-17.55.43,55,18.18783,59
2014.05.12-17.55.44,55,18.18783,64
2014.05.12-17.55.45,55,18.18783,64
2014.05.12-17.55.46,55,18.19384,63
2014.05.12-17.55.47,55,18.19384,67
2014.05.12-17.55.48,55,18.19384,61
2014.05.12-17.55.49,54,18.23134,62
2014.05.12-17.55.50,54,18.23134,64
2014.05.12-17.55.51,54,18.23134,60
2014.05.12-17.55.52,55,18.18783,63
2014.05.12-17.55.53,55,18.18783,65
2014.05.12-17.55.54,55,18.18783,63
2014.05.12-17.55.55,55,18.19984,61
2014.05.12-17.55.56,55,18.19984,65
2014.05.12-17.55.57,55,18.19984,63
2014.05.12-17.55.58,55,18.19984,62
2014.05.12-17.55.59,55,18.19984,60
2014.05.12-17.56.00,55,18.19984,58
2014.05.12-17.56.01,54,18.18801,66
2014.05.12-17.56.02,54,18.18801,65
2014.05.12-17.56.03,54,18.18801,62
2014.05.12-17.56.04,55,18.19984,60
2014.05.12-17.56.05,55,18.19984,61
2014.05.12-17.56.06,55,18.19984,61
2014.05.12-17.56.07,55,18.18182,65
2014.05.12-17.56.08,55,18.18182,62
2014.05.12-17.56.09,55,18.18182,66
2014.05.12-17.56.10,54,18.21896,57
2014.05.12-17.56.11,54,18.21896,66
2014.05.12-17.56.12,54,18.21896,64
2014.05.12-17.56.13,55,18.18783,64
2014.05.12-17.56.14,55,18.18783,63
2014.05.12-17.56.15,55,18.18783,60
2014.05.12-17.56.16,55,18.19384,63
2014.05.12-17.56.17,55,18.19384,66
2014.05.12-17.56.18,55,18.19384,65
2014.05.12-17.56.19,54,18.18801,65
2014.05.12-17.56.20,54,18.18801,58
2014.05.12-17.56.21,54,18.18801,62
2014.05.12-17.56.22,55,18.18783,65
2014.05.12-17.56.23,55,18.18783,65
2014.05.12-17.56.24,55,18.18783,62
2014.05.12-17.56.25,55,18.18783,59
2014.05.12-17.56.26,55,18.18783,65
2014.05.12-17.56.27,55,18.18783,65
2014.05.12-17.56.28,54,18.20658,64
2014.05.12-17.56.29,54,18.20658,63
2014.05.12-17.56.30,54,18.20658,59
2014.05.12-17.56.31,55,18.19384,62
2014.05.12-17.56.32,55,18.19384,64
2014.05.12-17.56.33,55,18.19384,66
2014.05.12-17.56.34,55,18.19384,63
2014.05.12-17.56.35,55,18.19384,61
2014.05.12-17.56.36,55,18.19384,66
2014.05.12-17.56.37,54,18.18801,62
2014.05.12-17.56.38,54,18.18801,65
2014.05.12-17.56.39,54,18.18801,63
2014.05.12-17.56.40,52,19.12666,59
2014.05.12-17.56.41,52,19.12666,64
2014.05.12-17.56.42,52,19.12666,66
2014.05.12-17.56.43,55,18.19384,62
2014.05.12-17.56.44,55,18.19384,64
2014.05.12-17.56.45,55,18.19384,65
2014.05.12-17.56.46,55,18.18182,63
2014.05.12-17.56.47,55,18.18182,62
2014.05.12-17.56.48,55,18.18182,68
2014.05.12-17.56.49,55,18.19384,62
2014.05.12-17.56.50,55,18.19384,59
2014.05.12-17.56.51,55,18.19384,61
2014.05.12-17.56.52,54,18.18801,62
2014.05.12-17.56.53,54,18.18801,65
2014.05.12-17.56.54,54,18.18801,66
2014.05.12-17.56.55,55,18.18783,65
2014.05.12-17.56.56,55,18.18783,59
2014.05.12-17.56.57,55,18.18783,65
2014.05.12-17.56.58,55,18.18182,63
2014.05.12-17.56.59,55,18.18182,64
2014.05.12-17.57.00,55,18.18182,66
2014.05.12-17.57.01,54,18.18801,62
2014.05.12-17.57.02,54,18.18801,67
2014.05.12-17.57.03,54,18.18801,65
2014.05.12-17.57.04,55,18.18783,62
2014.05.12-17.57.05,55,18.18783,67
2014.05.12-17.57.06,55,18.18783,62
2014.05.12-17.57.07,55,18.18182,65
2014.05.12-17.57.08,55,18.18182,66
2014.05.12-17.57.09,55,18.18182,62
2014.05.12-17.57.10,54,18.20658,62
2014.05.12-17.57.11,54,18.20658,63
2014.05.12-17.57.12,54,18.20658,68
2014.05.12-17.57.13,55,18.18783,0
2014.05.12-17.57.14,55,18.18783,68
2014.05.12-17.57.15,55,18.18783,65
2014.05.12-17.57.16,55,18.19984,64
2014.05.12-17.57.17,55,18.19984,59
2014.05.12-17.57.18,55,18.19984,67
2014.05.12-17.57.19,54,18.20658,68
2014.05.12-17.57.20,54,18.20658,62
2014.05.12-17.57.21,54,18.20658,65
2014.05.12-17.57.22,55,18.19384,62
2014.05.12-17.57.23,55,18.19384,60
2014.05.12-17.57.24,55,18.19384,66
2014.05.12-17.57.25,55,18.20585,65
2014.05.12-17.57.26,55,18.20585,67
2014.05.12-17.57.27,55,18.20585,63
2014.05.12-17.57.28,54,18.1942,64
2014.05.12-17.57.29,54,18.1942,62
2014.05.12-17.57.30,54,18.1942,64
2014.05.12-17.57.31,55,18.19384,67
2014.05.12-17.57.32,55,18.19384,64
2014.05.12-17.57.33,55,18.19384,68
2014.05.12-17.57.34,55,18.19384,66
2014.05.12-17.57.35,55,18.19384,62
2014.05.12-17.57.36,55,18.19384,65
2014.05.12-17.57.37,55,18.20585,64
2014.05.12-17.57.38,55,18.20585,64
2014.05.12-17.57.39,55,18.20585,66
2014.05.12-17.57.40,54,18.18801,67
2014.05.12-17.57.41,54,18.18801,61
2014.05.12-17.57.42,54,18.18801,66
2014.05.12-17.57.43,55,18.20585,66
2014.05.12-17.57.44,55,18.20585,67
2014.05.12-17.57.45,55,18.20585,67
2014.05.12-17.57.46,55,18.19984,66
2014.05.12-17.57.47,55,18.19984,57
2014.05.12-17.57.48,55,18.19984,64
2014.05.12-17.57.49,54,18.18801,70
2014.05.12-17.57.50,54,18.18801,67
2014.05.12-17.57.51,54,18.18801,65
2014.05.12-17.57.52,55,18.19384,61
2014.05.12-17.57.53,55,18.19384,61
2014.05.12-17.57.54,55,18.19384,67
2014.05.12-17.57.55,55,18.18783,64
2014.05.12-17.57.56,55,18.18783,68
2014.05.12-17.57.57,55,18.18783,63
2014.05.12-17.57.58,54,18.18801,64
2014.05.12-17.57.59,54,18.18801,61
2014.05.12-17.58.00,54,18.18801,68
2014.05.12-17.58.01,55,18.18783,66
2014.05.12-17.58.02,55,18.18783,66
2014.05.12-17.58.03,55,18.18783,62
2014.05.12-17.58.04,55,18.20585,65
2014.05.12-17.58.05,55,18.20585,62
2014.05.12-17.58.06,55,18.20585,71
2014.05.12-17.58.07,54,18.18801,64
2014.05.12-17.58.08,54,18.18801,68
2014.05.12-17.58.09,54,18.18801,66
2014.05.12-17.58.10,55,18.19984,69
2014.05.12-17.58.11,55,18.19984,65
2014.05.12-17.58.12,55,18.19984,69
2014.05.12-17.58.13,55,18.19384,70
2014.05.12-17.58.14,55,18.19384,68
2014.05.12-17.58.15,55,18.19384,71
2014.05.12-17.58.16,54,18.18801,62
2014.05.12-17.58.17,54,18.18801,67
2014.05.12-17.58.18,54,18.18801,71
2014.05.12-17.58.19,55,18.19384,66
2014.05.12-17.58.20,55,18.19384,72
2014.05.12-17.58.21,55,18.19384,64
2014.05.12-17.58.22,55,18.19984,64
2014.05.12-17.58.23,55,18.19984,70
2014.05.12-17.58.24,55,18.19984,68
2014.05.12-17.58.25,55,18.18182,70
2014.05.12-17.58.26,55,18.18182,66
2014.05.12-17.58.27,55,18.18182,66
2014.05.12-17.58.28,54,18.20039,63
2014.05.12-17.58.29,54,18.20039,70
2014.05.12-17.58.30,54,18.20039,49
2014.05.12-17.58.31,55,18.19984,56
2014.05.12-17.58.32,55,18.19984,65
2014.05.12-17.58.33,55,18.19984,19
2014.05.12-17.58.34,52,19.1522,54
2014.05.12-17.58.35,52,19.1522,47
2014.05.12-17.58.36,52,19.1522,57
2014.05.12-17.58.37,55,18.19384,60
2014.05.12-17.58.38,55,18.19384,62
2014.05.12-17.58.39,55,18.19384,61
2014.05.12-17.58.40,54,18.20039,56
2014.05.12-17.58.41,54,18.20039,52
2014.05.12-17.58.42,54,18.20039,53
2014.05.12-17.58.43,55,18.18783,62
2014.05.12-17.58.44,55,18.18783,62
2014.05.12-17.58.45,55,18.18783,63
2014.05.12-17.58.46,55,18.18182,53
2014.05.12-17.58.47,55,18.18182,60
2014.05.12-17.58.48,55,18.18182,57
2014.05.12-17.58.49,54,18.1942,57
2014.05.12-17.58.50,54,18.1942,62
2014.05.12-17.58.51,54,18.1942,55
2014.05.12-17.58.52,55,18.20585,57
2014.05.12-17.58.53,55,18.20585,63
2014.05.12-17.58.54,55,18.20585,58
2014.05.12-17.58.55,55,18.19384,57
2014.05.12-17.58.56,55,18.19384,58
2014.05.12-17.58.57,55,18.19384,59
2014.05.12-17.58.58,54,18.18801,63
2014.05.12-17.58.59,54,18.18801,68
2014.05.12-17.59.00,54,18.18801,62
2014.05.12-17.59.01,55,18.19384,54
2014.05.12-17.59.02,55,18.19384,58
2014.05.12-17.59.03,55,18.19384,61
2014.05.12-17.59.04,55,18.18783,64
2014.05.12-17.59.05,55,18.18783,67
2014.05.12-17.59.06,55,18.18783,55
2014.05.12-17.59.07,54,18.18801,59
2014.05.12-17.59.08,54,18.18801,57
2014.05.12-17.59.09,54,18.18801,64
2014.05.12-17.59.10,55,18.18783,67
2014.05.12-17.59.11,55,18.18783,68
2014.05.12-17.59.12,55,18.18783,0
2014.05.12-17.59.13,55,18.19384,61
2014.05.12-17.59.14,55,18.19384,63
2014.05.12-17.59.15,55,18.19384,62
2014.05.12-17.59.16,55,18.18182,69
2014.05.12-17.59.17,55,18.18182,59
2014.05.12-17.59.18,55,18.18182,64
2014.05.12-17.59.19,54,18.18182,66
2014.05.12-17.59.20,54,18.18182,66
2014.05.12-17.59.21,54,18.18182,66
2014.05.12-17.59.22,55,18.18182,66
2014.05.12-17.59.23,55,18.18182,60
2014.05.12-17.59.24,55,18.18182,68
2014.05.12-17.59.25,55,18.19984,68
2014.05.12-17.59.26,55,18.19984,64
2014.05.12-17.59.27,55,18.19984,65
2014.05.12-17.59.28,54,18.1942,65
2014.05.12-17.59.29,54,18.1942,59
2014.05.12-17.59.30,54,18.1942,71
2014.05.12-17.59.31,55,18.19984,69
2014.05.12-17.59.32,55,18.19984,63
2014.05.12-17.59.33,55,18.19984,62
2014.05.12-17.59.34,55,18.18783,66
2014.05.12-17.59.35,55,18.18783,67
2014.05.12-17.59.36,55,18.18783,70
2014.05.12-17.59.37,54,18.18182,62
2014.05.12-17.59.38,54,18.18182,62
2014.05.12-17.59.39,54,18.18182,68
2014.05.12-17.59.40,55,18.19984,73
2014.05.12-17.59.41,55,18.19984,72
2014.05.12-17.59.42,55,18.19984,70
2014.05.12-17.59.43,55,18.18783,70
2014.05.12-17.59.44,55,18.18783,71
2014.05.12-17.59.45,55,18.18783,73
2014.05.12-17.59.46,54,18.20039,74
2014.05.12-17.59.47,54,18.20039,78
2014.05.12-17.59.48,54,18.20039,74
2014.05.12-17.59.49,55,18.18182,67
2014.05.12-17.59.50,55,18.18182,75
2014.05.12-17.59.51,55,18.18182,73
2014.05.12-17.59.52,55,18.19984,78
2014.05.12-17.59.53,55,18.19984,74
2014.05.12-17.59.54,55,18.19984,70
2014.05.12-17.59.55,55,18.18182,73
2014.05.12-17.59.56,55,18.18182,74
2014.05.12-17.59.57,55,18.18182,74
2014.05.12-17.59.58,54,18.21277,79
2014.05.12-17.59.59,54,18.21277,70
2014.05.12-18.00.00,54,18.21277,74
2014.05.12-18.00.01,55,18.18783,74
2014.05.12-18.00.02,55,18.18783,78
2014.05.12-18.00.03,55,18.18783,81
2014.05.12-18.00.04,55,18.19384,73
2014.05.12-18.00.05,55,18.19384,73
2014.05.12-18.00.06,55,18.19384,79
2014.05.12-18.00.07,54,18.18801,77
2014.05.12-18.00.08,54,18.18801,82
2014.05.12-18.00.09,54,18.18801,76
2014.05.12-18.00.10,55,18.19384,77
2014.05.12-18.00.11,55,18.19384,81
2014.05.12-18.00.12,55,18.19384,84
2014.05.12-18.00.13,55,18.18783,92
2014.05.12-18.00.14,55,18.18783,85
2014.05.12-18.00.15,55,18.18783,80
2014.05.12-18.00.16,54,18.1942,83
2014.05.12-18.00.17,54,18.1942,83
2014.05.12-18.00.18,54,18.1942,94
2014.05.12-18.00.19,55,18.18783,92
2014.05.12-18.00.20,55,18.18783,87
2014.05.12-18.00.21,55,18.18783,81
2014.05.12-18.00.22,55,18.18783,88
2014.05.12-18.00.23,55,18.18783,95
2014.05.12-18.00.24,55,18.18783,94
2014.05.12-18.00.25,54,18.18801,98
2014.05.12-18.00.26,54,18.18801,97
2014.05.12-18.00.27,54,18.18801,93
2014.05.12-18.00.28,55,19.08911,94
2014.05.12-18.00.29,55,19.08911,102
2014.05.12-18.00.30,55,19.08911,104
2014.05.12-18.00.31,55,18.18182,102
2014.05.12-18.00.32,55,18.18182,93
2014.05.12-18.00.33,55,18.18182,110
2014.05.12-18.00.34,55,18.18783,101
2014.05.12-18.00.35,55,18.18783,117
2014.05.12-18.00.36,55,18.18783,100
2014.05.12-18.00.37,54,18.18801,99
2014.05.12-18.00.38,54,18.18801,106
2014.05.12-18.00.39,54,18.18801,97
2014.05.12-18.00.40,55,18.19984,108
2014.05.12-18.00.41,55,18.19984,103
2014.05.12-18.00.42,55,18.19984,105
2014.05.12-18.00.43,55,18.19984,121
2014.05.12-18.00.44,55,18.19984,111
2014.05.12-18.00.45,55,18.19984,125
2014.05.12-18.00.46,54,18.1942,117
2014.05.12-18.00.47,54,18.1942,126
2014.05.12-18.00.48,54,18.1942,112
2014.05.12-18.00.49,55,18.18783,107
2014.05.12-18.00.50,55,18.18783,64
2014.05.12-18.00.51,55,18.18783,88
2014.05.12-18.00.52,55,18.19384,53
2014.05.12-18.00.53,55,18.19384,94
2014.05.12-18.00.54,55,18.19384,12
2014.05.12-18.00.55,54,18.18801,17
2014.05.12-18.00.56,54,18.18801,53
2014.05.12-18.00.57,54,18.18801,0
2014.05.12-18.00.58,55,18.19984,0
2014.05.12-18.00.59,55,18.19984,20
2014.05.12-18.01.00,55,18.19984,0
2014.05.12-18.01.01,55,18.18783,92
2014.05.12-18.01.02,55,18.18783,11
2014.05.12-18.01.03,55,18.18783,19
2014.05.12-18.01.04,54,18.20658,19
2014.05.12-18.01.05,54,18.20658,59
2014.05.12-18.01.06,54,18.20658,27
2014.05.12-18.01.07,55,18.18783,16
2014.05.12-18.01.08,55,18.18783,53
2014.05.12-18.01.09,55,18.18783,55
2014.05.12-18.01.10,55,18.19984,13
2014.05.12-18.01.11,55,18.19984,20
2014.05.12-18.01.12,55,18.19984,65
2014.05.12-18.01.13,54,18.18182,33
2014.05.12-18.01.14,54,18.18182,14
2014.05.12-18.01.15,54,18.18182,46
2014.05.12-18.01.16,55,18.20585,66
2014.05.12-18.01.17,55,18.20585,14
2014.05.12-18.01.18,55,18.20585,33
2014.05.12-18.01.19,55,18.19984,74
2014.05.12-18.01.20,55,18.19984,12
2014.05.12-18.01.21,55,18.19984,16
2014.05.12-18.01.22,54,18.21277,78
2014.05.12-18.01.23,54,18.21277,32
2014.05.12-18.01.24,54,18.21277,16
2014.05.12-18.01.25,55,18.19384,58
2014.05.12-18.01.26,55,18.19384,51
2014.05.12-18.01.27,55,18.19384,14
2014.05.12-18.01.28,55,18.18783,42
2014.05.12-18.01.29,55,18.18783,72
2014.05.12-18.01.30,55,18.18783,13
2014.05.12-18.01.31,55,18.18182,31
2014.05.12-18.01.32,55,18.18182,0
2014.05.12-18.01.33,55,18.18182,82
2014.05.12-18.01.34,54,18.1942,11
2014.05.12-18.01.35,54,18.1942,19
2014.05.12-18.01.36,54,18.1942,87
2014.05.12-18.01.37,55,18.18182,17
2014.05.12-18.01.38,55,18.18182,16
2014.05.12-18.01.39,55,18.18182,82
2014.05.12-18.01.40,55,18.18783,26
2014.05.12-18.01.41,55,18.18783,10
2014.05.12-18.01.42,55,18.18783,16
2014.05.12-18.01.43,54,18.20658,57
2014.05.12-18.01.44,54,18.20658,44
2014.05.12-18.01.45,54,18.20658,10
2014.05.12-18.01.46,55,18.18783,20
2014.05.12-18.01.47,55,18.18783,66
2014.05.12-18.01.48,55,18.18783,34
2014.05.12-18.01.49,55,18.19984,12
2014.05.12-18.01.50,55,18.19984,17
2014.05.12-18.01.51,55,18.19984,39
2014.05.12-18.01.52,54,18.18182,43
2014.05.12-18.01.53,54,18.18182,20
2014.05.12-18.01.54,54,18.18182,13
2014.05.12-18.01.55,55,18.18182,51
2014.05.12-18.01.56,55,18.18182,59
2014.05.12-18.01.57,55,18.18182,10
2014.05.12-18.01.58,55,18.18783,19
2014.05.12-18.01.59,55,18.18783,85
2014.05.12-18.02.00,55,18.18783,19
2014.05.12-18.02.01,54,18.18801,14
2014.05.12-18.02.02,54,18.18801,27
2014.05.12-18.02.03,54,18.18801,77
2014.05.12-18.02.04,55,18.21186,12
2014.05.12-18.02.05,55,18.21186,22
2014.05.12-18.02.06,55,18.21186,0
2014.05.12-18.02.07,55,18.19984,95
2014.05.12-18.02.08,55,18.19984,12
2014.05.12-18.02.09,55,18.19984,19
2014.05.12-18.02.10,55,18.19384,80
2014.05.12-18.02.11,55,18.19384,25
2014.05.12-18.02.12,55,18.19384,15
2014.05.12-18.02.13,54,18.18801,49
2014.05.12-18.02.14,54,18.18801,61
2014.05.12-18.02.15,54,18.18801,12
2014.05.12-18.02.16,55,18.19984,18
2014.05.12-18.02.17,55,18.19984,38
2014.05.12-18.02.18,55,18.19984,18
2014.05.12-18.02.19,55,18.19984,18
2014.05.12-18.02.20,55,18.19984,45
2014.05.12-18.02.21,55,18.19984,43
2014.05.12-18.02.22,52,19.12028,59
2014.05.12-18.02.23,52,19.12028,56
2014.05.12-18.02.24,52,19.12028,53
2014.05.12-18.02.25,54,18.1942,51
2014.05.12-18.02.26,54,18.1942,53
2014.05.12-18.02.27,54,18.1942,54
2014.05.12-18.02.28,55,18.18783,45
2014.05.12-18.02.29,55,18.18783,46
2014.05.12-18.02.30,55,18.18783,52
2014.05.12-18.02.31,55,18.19384,59
2014.05.12-18.02.32,55,18.19384,60
2014.05.12-18.02.33,55,18.19384,53
2014.05.12-18.02.34,54,18.18182,59
2014.05.12-18.02.35,54,18.18182,56
2014.05.12-18.02.36,54,18.18182,48
2014.05.12-18.02.37,55,18.19984,57
2014.05.12-18.02.38,55,18.19984,49
2014.05.12-18.02.39,55,18.19984,60
2014.05.12-18.02.40,55,18.19984,57
2014.05.12-18.02.41,55,18.19984,60
2014.05.12-18.02.42,55,18.19984,63
2014.05.12-18.02.43,54,18.18801,63
2014.05.12-18.02.44,54,18.18801,69
2014.05.12-18.02.45,54,18.18801,60
2014.05.12-18.02.46,55,18.20585,48
2014.05.12-18.02.47,55,18.20585,63
2014.05.12-18.02.48,55,18.20585,65
2014.05.12-18.02.49,55,18.19384,58
2014.05.12-18.02.50,55,18.19384,58
2014.05.12-18.02.51,55,18.19384,66
2014.05.12-18.02.52,54,18.18801,60
2014.05.12-18.02.53,54,18.18801,59
2014.05.12-18.02.54,54,18.18801,59
2014.05.12-18.02.55,55,18.20585,43
2014.05.12-18.02.56,55,18.20585,58
2014.05.12-18.02.57,55,18.20585,57
2014.05.12-18.02.58,55,18.19384,59
2014.05.12-18.02.59,55,18.19384,60
2014.05.12-18.03.00,55,18.19384,75
2014.05.12-18.03.01,55,18.18783,80
2014.05.12-18.03.02,55,18.18783,76
2014.05.12-18.03.03,55,18.18783,67
2014.05.12-18.03.04,54,18.1942,68
2014.05.12-18.03.05,54,18.1942,76
2014.05.12-18.03.06,54,18.1942,72
2014.05.12-18.03.07,55,18.19984,72
2014.05.12-18.03.08,55,18.19984,76
2014.05.12-18.03.09,55,18.19984,63
2014.05.12-18.03.10,55,18.18783,54
2014.05.12-18.03.11,55,18.18783,95
2014.05.12-18.03.12,55,18.18783,85
2014.05.12-18.03.13,54,18.20039,85
2014.05.12-18.03.14,54,18.20039,60
2014.05.12-18.03.15,54,18.20039,22
2014.05.12-18.03.16,55,18.19384,52
2014.05.12-18.03.17,55,18.19384,61
2014.05.12-18.03.18,55,18.19384,0
2014.05.12-18.03.19,55,18.19384,25
2014.05.12-18.03.20,55,18.19384,60
2014.05.12-18.03.21,55,18.19384,47
2014.05.12-18.03.22,54,18.20039,21
2014.05.12-18.03.23,54,18.20039,53
2014.05.12-18.03.24,54,18.20039,51
2014.05.12-18.03.25,55,18.19984,23
2014.05.12-18.03.26,55,18.19984,52
2014.05.12-18.03.27,55,18.19984,57
2014.05.12-18.03.28,55,18.18783,51
2014.05.12-18.03.29,55,18.18783,59
2014.05.12-18.03.30,55,18.18783,52
2014.05.12-18.03.31,54,18.18801,51
2014.05.12-18.03.32,54,18.18801,58
2014.05.12-18.03.33,54,18.18801,60
2014.05.12-18.03.34,55,18.19984,54
2014.05.12-18.03.35,55,18.19984,50
2014.05.12-18.03.36,55,18.19984,52
2014.05.12-18.03.37,55,18.18783,43
2014.05.12-18.03.38,55,18.18783,47
2014.05.12-18.03.39,55,18.18783,54
2014.05.12-18.03.40,54,18.1942,31
2014.05.12-18.03.41,54,18.1942,50
2014.05.12-18.03.42,54,18.1942,47
2014.05.12-18.03.43,55,18.18783,45
2014.05.12-18.03.44,55,18.18783,67
2014.05.12-18.03.45,55,18.18783,28
2014.05.12-18.03.46,55,18.18783,33
2014.05.12-18.03.47,55,18.18783,56
2014.05.12-18.03.48,55,18.18783,36
2014.05.12-18.03.49,54,18.1942,32
2014.05.12-18.03.50,54,18.1942,65
2014.05.12-18.03.51,54,18.1942,42
2014.05.12-18.03.52,55,18.19384,47
2014.05.12-18.03.53,55,18.19384,60
2014.05.12-18.03.54,55,18.19384,10
2014.05.12-18.03.55,55,18.19984,15
2014.05.12-18.03.56,55,18.19984,46
2014.05.12-18.03.57,55,18.19984,52
2014.05.12-18.03.58,55,18.18783,12
2014.05.12-18.03.59,55,18.18783,17
2014.05.12-18.04.00,55,18.18783,19
2014.05.12-18.04.01,54,18.18801,54
2014.05.12-18.04.02,54,18.18801,37
2014.05.12-18.04.03,54,18.18801,0
2014.05.12-18.04.04,55,18.20585,24
2014.05.12-18.04.05,55,18.20585,36
2014.05.12-18.04.06,55,18.20585,51
2014.05.12-18.04.07,55,18.18182,21
2014.05.12-18.04.08,55,18.18182,21
2014.05.12-18.04.09,55,18.18182,38
2014.05.12-18.04.10,54,18.20658,41
2014.05.12-18.04.11,54,18.20658,21
2014.05.12-18.04.12,54,18.20658,15
2014.05.12-18.04.13,52,19.12028,27
2014.05.12-18.04.14,52,19.12028,33
2014.05.12-18.04.15,52,19.12028,50
2014.05.12-18.04.16,55,18.18783,19
2014.05.12-18.04.17,55,18.18783,43
2014.05.12-18.04.18,55,18.18783,65
2014.05.12-18.04.19,55,18.18182,15
2014.05.12-18.04.20,55,18.18182,40
2014.05.12-18.04.21,55,18.18182,68
2014.05.12-18.04.22,54,18.20039,15
2014.05.12-18.04.23,54,18.20039,20
2014.05.12-18.04.24,54,18.20039,57
2014.05.12-18.04.25,55,18.19384,46
2014.05.12-18.04.26,55,18.19384,24
2014.05.12-18.04.27,55,18.19384,56
2014.05.12-18.04.28,55,18.18783,49
2014.05.12-18.04.29,55,18.18783,26
2014.05.12-18.04.30,55,18.18783,90
2014.05.12-18.04.31,54,18.1942,22
2014.05.12-18.04.32,54,18.1942,44
2014.05.12-18.04.33,54,18.1942,69
2014.05.12-18.04.34,55,18.19384,20
2014.05.12-18.04.35,55,18.19384,67
2014.05.12-18.04.36,55,18.19384,49
2014.05.12-18.04.37,55,18.19984,26
2014.05.12-18.04.38,55,18.19984,89
2014.05.12-18.04.39,55,18.19984,16
2014.05.12-18.04.40,55,18.18182,30
2014.05.12-18.04.41,55,18.18182,84
2014.05.12-18.04.42,55,18.18182,14
2014.05.12-18.04.43,54,18.20039,44
2014.05.12-18.04.44,54,18.20039,0
2014.05.12-18.04.45,54,18.20039,0
2014.05.12-18.04.46,55,18.18182,54
2014.05.12-18.04.47,55,18.18182,0
2014.05.12-18.04.48,55,18.18182,59
2014.05.12-18.04.49,55,18.19984,0
2014.05.12-18.04.50,55,18.19984,0
2014.05.12-18.04.51,55,18.19984,41
2014.05.12-18.04.52,54,18.20039,23
2014.05.12-18.04.53,54,18.20039,53
2014.05.12-18.04.54,54,18.20039,55
2014.05.12-18.04.55,55,18.18783,28
2014.05.12-18.04.56,55,18.18783,92
2014.05.12-18.04.57,55,18.18783,20
2014.05.12-18.04.58,55,18.19984,73
2014.05.12-18.04.59,55,18.19984,45
2014.05.12-18.05.00,55,18.19984,49
2014.05.12-18.05.01,54,18.18182,74
2014.05.12-18.05.02,54,18.18182,27
2014.05.12-18.05.03,54,18.18182,96
2014.05.12-18.05.04,55,18.19384,19
2014.05.12-18.05.05,55,18.19384,76
2014.05.12-18.05.06,55,18.19384,44
2014.05.12-18.05.07,55,18.18783,54
2014.05.12-18.05.08,55,18.18783,70
2014.05.12-18.05.09,55,18.18783,25
2014.05.12-18.05.10,54,18.1942,98
2014.05.12-18.05.11,54,18.1942,25
2014.05.12-18.05.12,54,18.1942,96
2014.05.12-18.05.13,55,18.18182,23
2014.05.12-18.05.14,55,18.18182,81
2014.05.12-18.05.15,55,18.18182,41
2014.05.12-18.05.16,55,18.19984,74
2014.05.12-18.05.17,55,18.19984,52
2014.05.12-18.05.18,55,18.19984,49
2014.05.12-18.05.19,54,18.1942,75
2014.05.12-18.05.20,54,18.1942,28
2014.05.12-18.05.21,54,18.1942,98
2014.05.12-18.05.22,55,18.20585,26
2014.05.12-18.05.23,55,18.20585,98
2014.05.12-18.05.24,55,18.20585,21
2014.05.12-18.05.25,55,18.21186,97
2014.05.12-18.05.26,55,18.21186,27
2014.05.12-18.05.27,55,18.21186,70
2014.05.12-18.05.28,54,18.18801,52
2014.05.12-18.05.29,54,18.18801,54
2014.05.12-18.05.30,54,18.18801,0
2014.05.12-18.05.31,54,17.65307,0
2014.05.12-18.05.32,54,17.65307,0
2014.05.12-18.05.33,54,17.65307,87
2014.05.12-18.05.34,55,18.18783,27
2014.05.12-18.05.35,55,18.18783,99
2014.05.12-18.05.36,55,18.18783,27
2014.05.12-18.05.37,55,18.19984,100
2014.05.12-18.05.38,55,18.19984,26
2014.05.12-18.05.39,55,18.19984,89
2014.05.12-18.05.40,54,18.18182,27
2014.05.12-18.05.41,54,18.18182,72
2014.05.12-18.05.42,54,18.18182,49
2014.05.12-18.05.43,55,18.19384,33
2014.05.12-18.05.44,55,18.19384,89
2014.05.12-18.05.45,55,18.19384,26
2014.05.12-18.05.46,55,18.19984,82
2014.05.12-18.05.47,55,18.19984,30
2014.05.12-18.05.48,55,18.19984,78
2014.05.12-18.05.49,54,18.18801,48
2014.05.12-18.05.50,54,18.18801,69
2014.05.12-18.05.51,54,18.18801,58
2014.05.12-18.05.52,55,18.19384,46
2014.05.12-18.05.53,55,18.19384,81
2014.05.12-18.05.54,55,18.19384,56
2014.05.12-18.05.55,55,18.19984,73
2014.05.12-18.05.56,55,18.19984,67
2014.05.12-18.05.57,55,18.19984,62
